Fecha,Communication_Services
23/03/2018,"147,07"
26/03/2018,"148,42"
27/03/2018,"149,19"
28/03/2018,"151,64"
29/03/2018,"151,65"
02/04/2018,"149,46"
03/04/2018,"150,61"
04/04/2018,"152,55"
05/04/2018,"153,63"
06/04/2018,"151,38"
09/04/2018,"149,61"
10/04/2018,"153,07"
11/04/2018,"150,79"
12/04/2018,"150,75"
13/04/2018,"150,53"
16/04/2018,"152,77"
17/04/2018,"152,92"
18/04/2018,"152,24"
19/04/2018,"151,04"
20/04/2018,"150,05"
23/04/2018,"151,67"
24/04/2018,"153,44"
25/04/2018,"154,68"
26/04/2018,"149,68"
27/04/2018,"152,3"
30/04/2018,"148,24"
01/05/2018,"147,1"
02/05/2018,"144,51"
03/05/2018,"144,24"
04/05/2018,"145,32"
07/05/2018,"144,44"
08/05/2018,"142,56"
09/05/2018,"140,95"
10/05/2018,"143,64"
11/05/2018,"146,65"
14/05/2018,"146,12"
15/05/2018,"144,94"
16/05/2018,"145,45"
17/05/2018,"144,64"
18/05/2018,"144,75"
21/05/2018,"146,91"
22/05/2018,"147,12"
23/05/2018,"146,49"
24/05/2018,"147,36"
25/05/2018,"146,49"
29/05/2018,"145,66"
30/05/2018,"146,78"
31/05/2018,"144,87"
01/06/2018,"145,23"
04/06/2018,"145,08"
05/06/2018,"145,81"
06/06/2018,"148,01"
07/06/2018,"149,81"
08/06/2018,"150,11"
11/06/2018,"151,11"
12/06/2018,"150,8"
13/06/2018,"144,03"
14/06/2018,"145,44"
15/06/2018,"147,15"
18/06/2018,"144,25"
19/06/2018,"146,3"
20/06/2018,"144,88"
21/06/2018,"144,62"
22/06/2018,"146,39"
25/06/2018,"146,28"
26/06/2018,"145,66"
27/06/2018,"145,71"
28/06/2018,"149,05"
29/06/2018,"148,12"
02/07/2018,"148,46"
03/07/2018,"150,19"
05/07/2018,"150,79"
06/07/2018,"151,33"
09/07/2018,"149,18"
10/07/2018,"150,87"
11/07/2018,"149,29"
12/07/2018,"150,07"
13/07/2018,"148,94"
16/07/2018,"149,64"
17/07/2018,"149,1"
18/07/2018,"148,56"
19/07/2018,"146,92"
20/07/2018,"146,2"
23/07/2018,"146,16"
24/07/2018,"148,73"
25/07/2018,"144,44"
26/07/2018,"145,07"
27/07/2018,"147,88"
30/07/2018,"150,76"
31/07/2018,"149,6"
01/08/2018,"149,49"
02/08/2018,"149,76"
03/08/2018,"151,16"
06/08/2018,"151,03"
07/08/2018,"151,66"
08/08/2018,"151,85"
09/08/2018,"153,34"
10/08/2018,"152,21"
13/08/2018,"151,92"
14/08/2018,"153,01"
15/08/2018,"154,07"
16/08/2018,"157,17"
17/08/2018,"157,77"
20/08/2018,"157,89"
21/08/2018,"158,96"
22/08/2018,"155,75"
23/08/2018,"155,61"
24/08/2018,"156,61"
27/08/2018,"157,19"
28/08/2018,"156,43"
29/08/2018,"155,24"
30/08/2018,"154,64"
31/08/2018,"153,99"
04/09/2018,"152,27"
05/09/2018,"153,53"
06/09/2018,"154,65"
07/09/2018,"154,1"
10/09/2018,"154,85"
11/09/2018,"156,53"
12/09/2018,"158,75"
13/09/2018,"159,23"
14/09/2018,"158,55"
17/09/2018,"158,81"
18/09/2018,"158,75"
19/09/2018,"156,61"
20/09/2018,"157,32"
21/09/2018,"158,86"
24/09/2018,"159,19"
25/09/2018,"159,33"
26/09/2018,"159,9"
27/09/2018,"161,18"
28/09/2018,"160,55"
01/10/2018,"160,38"
02/10/2018,"160,55"
03/10/2018,"160,99"
04/10/2018,"158,61"
05/10/2018,"156,96"
08/10/2018,"156,73"
09/10/2018,"156,45"
10/10/2018,"150,28"
11/10/2018,"149,02"
12/10/2018,"152,11"
15/10/2018,"151,46"
16/10/2018,"155,01"
17/10/2018,"155,81"
18/10/2018,"152,94"
19/10/2018,"153,2"
22/10/2018,"153,14"
23/10/2018,"153,76"
24/10/2018,"146,26"
25/10/2018,"150,16"
26/10/2018,"146,55"
29/10/2018,"144,19"
30/10/2018,"147,78"
31/10/2018,"150,88"
01/11/2018,"151,09"
02/11/2018,"149,86"
05/11/2018,"149,39"
06/11/2018,"150,29"
07/11/2018,"153,2"
08/11/2018,"151,77"
09/11/2018,"149,57"
12/11/2018,"147,36"
13/11/2018,"146,97"
14/11/2018,"147,64"
15/11/2018,"148,56"
16/11/2018,"147,98"
19/11/2018,"144,14"
20/11/2018,"142,33"
21/11/2018,"143,75"
23/11/2018,"142,03"
26/11/2018,"144,77"
27/11/2018,"145,59"
28/11/2018,"148,68"
29/11/2018,"149,21"
30/11/2018,"149,86"
03/12/2018,"149,98"
04/12/2018,"145,26"
06/12/2018,"146,77"
07/12/2018,"143,7"
10/12/2018,"144,78"
11/12/2018,"144,99"
12/12/2018,"146,18"
13/12/2018,"145,92"
14/12/2018,"144,43"
17/12/2018,"141,68"
18/12/2018,"142,55"
19/12/2018,"140,11"
20/12/2018,"137,82"
21/12/2018,"133,59"
24/12/2018,"130,86"
26/12/2018,"137,92"
27/12/2018,"138,65"
28/12/2018,"138,39"
31/12/2018,"138,78"
02/01/2019,"140,52"
03/01/2019,"138,48"
04/01/2019,"144,11"
07/01/2019,"145,21"
08/01/2019,"147,51"
09/01/2019,"146,98"
10/01/2019,"147,27"
11/01/2019,"147,07"
14/01/2019,"146,47"
15/01/2019,"149,02"
16/01/2019,"148,42"
17/01/2019,"148,98"
18/01/2019,"149,76"
22/01/2019,"146,83"
23/01/2019,"147,19"
24/01/2019,"147,23"
25/01/2019,"148,72"
28/01/2019,"147,02"
29/01/2019,"145,46"
30/01/2019,"147,25"
31/01/2019,"152,75"
01/02/2019,"152,23"
04/02/2019,"153,68"
05/02/2019,"155,08"
06/02/2019,"152,77"
07/02/2019,"151,2"
08/02/2019,"151,73"
11/02/2019,"150,78"
12/02/2019,"152,5"
13/02/2019,"152,34"
14/02/2019,"152,67"
15/02/2019,"153,28"
19/02/2019,"153,75"
20/02/2019,"153,65"
21/02/2019,"152,68"
22/02/2019,"154,28"
25/02/2019,"154,41"
26/02/2019,"154,61"
27/02/2019,"154,01"
28/02/2019,154
01/03/2019,"155,2"
04/03/2019,"155,24"
05/03/2019,"156,37"
06/03/2019,"156,35"
07/03/2019,"155,08"
08/03/2019,"154,99"
11/03/2019,"157,88"
12/03/2019,"158,77"
13/03/2019,"159,17"
14/03/2019,"158,54"
15/03/2019,"158,56"
18/03/2019,"157,29"
19/03/2019,"157,25"
20/03/2019,"159,08"
21/03/2019,"160,5"
22/03/2019,"158,47"
25/03/2019,"158,17"
26/03/2019,"158,88"
27/03/2019,"158,02"
28/03/2019,"157,23"
29/03/2019,"157,68"
01/04/2019,"159,97"
02/04/2019,"160,61"
03/04/2019,"161,2"
04/04/2019,"162,27"
05/04/2019,"162,33"
08/04/2019,"162,08"
09/04/2019,"162,12"
10/04/2019,"162,61"
11/04/2019,"162,85"
12/04/2019,"164,85"
15/04/2019,"165,14"
16/04/2019,"165,49"
17/04/2019,"165,74"
18/04/2019,"165,97"
22/04/2019,"167,17"
23/04/2019,"168,6"
24/04/2019,"167,34"
25/04/2019,"169,15"
26/04/2019,"170,44"
29/04/2019,"171,89"
30/04/2019,"167,49"
01/05/2019,"166,37"
02/05/2019,"165,53"
03/05/2019,"167,45"
06/05/2019,"167,14"
07/05/2019,"164,87"
08/05/2019,"164,28"
09/05/2019,"163,98"
10/05/2019,"164,33"
13/05/2019,"160,19"
14/05/2019,"160,58"
15/05/2019,"163,97"
16/05/2019,"165,55"
17/05/2019,"164,76"
20/05/2019,"162,83"
21/05/2019,"164,39"
22/05/2019,"164,44"
23/05/2019,"162,37"
24/05/2019,"162,38"
28/05/2019,"162,65"
29/05/2019,"160,85"
30/05/2019,"160,81"
31/05/2019,"157,52"
03/06/2019,"153,13"
04/06/2019,"155,8"
05/06/2019,"155,99"
06/06/2019,"156,67"
07/06/2019,"158,98"
10/06/2019,"158,75"
11/06/2019,"159,21"
12/06/2019,"158,76"
13/06/2019,"160,57"
14/06/2019,"161,19"
17/06/2019,"162,9"
18/06/2019,"163,57"
19/06/2019,"163,87"
20/06/2019,"164,91"
21/06/2019,"165,57"
24/06/2019,"165,75"
25/06/2019,"163,1"
26/06/2019,"162,26"
27/06/2019,"162,96"
28/06/2019,"164,23"
01/07/2019,"165,46"
02/07/2019,"167,22"
03/07/2019,"168,41"
05/07/2019,"168,73"
08/07/2019,"167,22"
09/07/2019,"167,69"
10/07/2019,"169,81"
11/07/2019,"169,66"
12/07/2019,"170,73"
15/07/2019,"170,84"
16/07/2019,"170,73"
17/07/2019,"169,22"
18/07/2019,"167,72"
19/07/2019,"165,51"
22/07/2019,"165,77"
23/07/2019,"166,27"
24/07/2019,"167,74"
25/07/2019,"167,61"
26/07/2019,"173,05"
29/07/2019,"172,23"
30/07/2019,"171,08"
31/07/2019,"169,18"
01/08/2019,"168,35"
02/08/2019,"167,01"
05/08/2019,"162,14"
06/08/2019,"164,33"
07/08/2019,"163,64"
08/08/2019,"167,28"
09/08/2019,"165,94"
12/08/2019,"164,32"
13/08/2019,"166,78"
14/08/2019,"161,67"
15/08/2019,"162,44"
16/08/2019,"164,35"
19/08/2019,"166,64"
20/08/2019,"164,99"
21/08/2019,"165,64"
22/08/2019,"165,36"
23/08/2019,"161,06"
26/08/2019,"163,52"
27/08/2019,"163,68"
28/08/2019,"164,51"
29/08/2019,"166,71"
30/08/2019,"166,58"
03/09/2019,"164,87"
04/09/2019,"167,52"
05/09/2019,"170,2"
06/09/2019,"169,82"
09/09/2019,"170,2"
10/09/2019,"170,15"
11/09/2019,"171,76"
12/09/2019,"172,39"
13/09/2019,"172,31"
16/09/2019,"170,99"
17/09/2019,"171,49"
18/09/2019,"171,35"
19/09/2019,"171,45"
20/09/2019,"170,66"
23/09/2019,"169,98"
24/09/2019,"167,7"
25/09/2019,"169,58"
26/09/2019,"168,23"
27/09/2019,"166,67"
30/09/2019,"167,26"
01/10/2019,"165,56"
02/10/2019,"163,32"
03/10/2019,"164,67"
04/10/2019,"166,98"
07/10/2019,"167,05"
08/10/2019,"164,85"
09/10/2019,"165,47"
10/10/2019,"166,53"
11/10/2019,"168,26"
14/10/2019,"167,92"
15/10/2019,"170,64"
16/10/2019,"170,89"
17/10/2019,"171,98"
18/10/2019,"170,48"
21/10/2019,"171,19"
22/10/2019,"169,65"
23/10/2019,"170,73"
24/10/2019,"169,48"
25/10/2019,"170,68"
28/10/2019,"172,68"
29/10/2019,"171,03"
30/10/2019,"171,36"
31/10/2019,"171,82"
01/11/2019,"173,25"
04/11/2019,"173,95"
05/11/2019,"173,83"
06/11/2019,"173,48"
07/11/2019,"174,64"
08/11/2019,"175,28"
11/11/2019,"174,59"
12/11/2019,"175,11"
13/11/2019,"175,85"
14/11/2019,"176,38"
15/11/2019,"177,63"
18/11/2019,"178,12"
19/11/2019,"177,66"
20/11/2019,"176,25"
21/11/2019,"176,69"
22/11/2019,"176,92"
25/11/2019,"177,13"
26/11/2019,"177,77"
27/11/2019,"178,89"
29/11/2019,"178,24"
02/12/2019,"176,69"
03/12/2019,"176,54"
04/12/2019,"177,67"
05/12/2019,"178,36"
06/12/2019,"179,48"
09/12/2019,"178,96"
10/12/2019,"178,32"
11/12/2019,"178,86"
12/12/2019,"178,85"
13/12/2019,"178,27"
16/12/2019,"180,12"
17/12/2019,"180,14"
18/12/2019,"180,67"
19/12/2019,"182,1"
20/12/2019,"182,8"
23/12/2019,"182,18"
24/12/2019,"181,94"
26/12/2019,"183,42"
27/12/2019,"183,16"
30/12/2019,"181,28"
31/12/2019,"181,64"
02/01/2020,"184,03"
03/01/2020,"183,01"
06/01/2020,"185,24"
07/01/2020,"185,17"
08/01/2020,"186,44"
09/01/2020,"186,92"
10/01/2020,"186,63"
13/01/2020,"188,08"
14/01/2020,"187,52"
15/01/2020,"188,15"
16/01/2020,"189,4"
17/01/2020,"191,1"
21/01/2020,"191,01"
22/01/2020,"191,12"
23/01/2020,"190,47"
24/01/2020,"188,48"
27/01/2020,"185,29"
28/01/2020,"187,48"
29/01/2020,"186,67"
30/01/2020,"185,19"
31/01/2020,"182,84"
03/02/2020,"185,16"
04/02/2020,"186,46"
05/02/2020,"186,55"
06/02/2020,"188,68"
07/02/2020,"188,88"
10/02/2020,"190,46"
11/02/2020,"189,29"
12/02/2020,"191,03"
13/02/2020,"191,31"
14/02/2020,"191,5"
18/02/2020,"192,26"
19/02/2020,"192,97"
20/02/2020,"191,8"
21/02/2020,"189,12"
24/02/2020,"182,85"
25/02/2020,"178,45"
26/02/2020,"178,08"
27/02/2020,"170,87"
28/02/2020,"171,25"
02/03/2020,"177,39"
03/03/2020,"171,49"
04/03/2020,"177,63"
05/03/2020,"171,06"
06/03/2020,"168,93"
09/03/2020,"158,44"
10/03/2020,"165,62"
11/03/2020,"158,45"
12/03/2020,"144,33"
13/03/2020,"157,61"
16/03/2020,"141,15"
17/03/2020,"146,78"
18/03/2020,"142,65"
19/03/2020,"145,02"
20/03/2020,"138,3"
23/03/2020,"137,76"
24/03/2020,"145,77"
25/03/2020,"143,46"
26/03/2020,"152,14"
27/03/2020,"145,91"
30/03/2020,"151,13"
31/03/2020,"150,35"
01/04/2020,"144,44"
02/04/2020,"147,07"
03/04/2020,"143,84"
06/04/2020,"153,48"
07/04/2020,"154,51"
08/04/2020,"157,06"
09/04/2020,"158,14"
13/04/2020,"158,29"
14/04/2020,"163,41"
15/04/2020,"161,7"
16/04/2020,"162,39"
17/04/2020,"164,69"
20/04/2020,"163,18"
21/04/2020,"157,99"
22/04/2020,"161,76"
23/04/2020,"162,91"
24/04/2020,"164,63"
27/04/2020,"165,55"
28/04/2020,"162,42"
29/04/2020,"170,62"
30/04/2020,"170,66"
01/05/2020,"167,99"
04/05/2020,"168,53"
05/05/2020,"169,57"
06/05/2020,"168,89"
07/05/2020,"171,53"
08/05/2020,"174,23"
11/05/2020,"174,47"
12/05/2020,"171,09"
13/05/2020,"168,32"
14/05/2020,"170,01"
15/05/2020,"172,15"
18/05/2020,"175,85"
19/05/2020,"175,13"
20/05/2020,"179,85"
21/05/2020,"179,04"
22/05/2020,"179,85"
26/05/2020,"180,36"
27/05/2020,"181,35"
28/05/2020,"179,62"
29/05/2020,"180,89"
01/06/2020,"182,34"
02/06/2020,"183,23"
03/06/2020,"183,62"
04/06/2020,"182,14"
05/06/2020,"185,2"
08/06/2020,"187,28"
09/06/2020,"187,61"
10/06/2020,"187,13"
11/06/2020,"178,44"
12/06/2020,"180,02"
15/06/2020,"181,82"
16/06/2020,"184,03"
17/06/2020,"184,17"
18/06/2020,"184,15"
19/06/2020,"183,56"
22/06/2020,"184,51"
23/06/2020,"185,65"
24/06/2020,"181,1"
25/06/2020,"182,14"
26/06/2020,"173,97"
29/06/2020,"177,53"
30/06/2020,"179,88"
01/07/2020,"183,9"
02/07/2020,"183,78"
06/07/2020,"187,73"
07/07/2020,"187,03"
08/07/2020,"188,77"
09/07/2020,"188,7"
10/07/2020,"192,39"
13/07/2020,"188,61"
14/07/2020,"190,31"
15/07/2020,"190,86"
16/07/2020,"191,43"
17/07/2020,"190,61"
20/07/2020,"192,99"
21/07/2020,"192,2"
22/07/2020,"192,28"
23/07/2020,"188,54"
24/07/2020,"188,43"
27/07/2020,"189,9"
28/07/2020,"188,15"
29/07/2020,"189,62"
30/07/2020,"190,22"
31/07/2020,"191,69"
03/08/2020,"191,64"
04/08/2020,"192,29"
05/08/2020,"192,76"
06/08/2020,"197,49"
07/08/2020,"197,39"
10/08/2020,"196,49"
11/08/2020,"193,93"
12/08/2020,"196,35"
13/08/2020,"197,09"
14/08/2020,"196,89"
17/08/2020,"197,08"
18/08/2020,"199,23"
19/08/2020,"198,34"
20/08/2020,"201,06"
21/08/2020,"200,3"
24/08/2020,"202,42"
25/08/2020,"204,38"
26/08/2020,"211,97"
27/08/2020,"209,23"
28/08/2020,"209,9"
31/08/2020,"209,04"
01/09/2020,"211,21"
02/09/2020,"215,83"
03/09/2020,"208,61"
04/09/2020,"204,6"
08/09/2020,"199,68"
09/09/2020,"201,51"
10/09/2020,"198,34"
11/09/2020,"197,76"
14/09/2020,"198,02"
15/09/2020,"201,42"
16/09/2020,"198,99"
17/09/2020,"195,34"
18/09/2020,"193,19"
21/09/2020,"190,89"
22/09/2020,"194,47"
23/09/2020,"189,25"
24/09/2020,190
25/09/2020,"192,42"
28/09/2020,"194,71"
29/09/2020,"195,26"
30/09/2020,"195,49"
01/10/2020,"198,17"
02/10/2020,"194,22"
05/10/2020,"197,38"
06/10/2020,"193,47"
07/10/2020,"195,17"
08/10/2020,"197,05"
09/10/2020,"198,57"
12/10/2020,"203,37"
13/10/2020,"204,07"
14/10/2020,"201,66"
15/10/2020,"200,34"
16/10/2020,"200,36"
19/10/2020,"196,61"
20/10/2020,"198,19"
21/10/2020,"200,74"
22/10/2020,"202,44"
23/10/2020,"204,62"
26/10/2020,"199,98"
27/10/2020,"201,08"
28/10/2020,"192,98"
29/10/2020,"198,51"
30/10/2020,"196,55"
02/11/2020,"196,72"
03/11/2020,"199,51"
04/11/2020,"207,99"
05/11/2020,"211,67"
06/11/2020,"211,48"
09/11/2020,"210,94"
10/11/2020,"210,27"
11/11/2020,"211,46"
12/11/2020,"210,46"
13/11/2020,"213,16"
16/11/2020,"214,49"
17/11/2020,"213,59"
18/11/2020,"211,52"
19/11/2020,"212,39"
20/11/2020,"211,22"
23/11/2020,"211,32"
24/11/2020,"216,17"
25/11/2020,"215,65"
27/11/2020,"216,99"
30/11/2020,"215,31"
01/12/2020,"219,53"
02/12/2020,"221,75"
03/12/2020,"220,87"
04/12/2020,"220,99"
07/12/2020,"222,35"
08/12/2020,"222,09"
09/12/2020,"219,42"
10/12/2020,"218,71"
11/12/2020,"221,22"
14/12/2020,220
15/12/2020,"221,55"
16/12/2020,"221,16"
17/12/2020,"220,47"
18/12/2020,"220,2"
21/12/2020,"218,61"
22/12/2020,"216,44"
23/12/2020,"217,36"
24/12/2020,"217,7"
28/12/2020,"221,75"
29/12/2020,"221,42"
30/12/2020,"219,79"
31/12/2020,"221,92"
04/01/2021,"218,58"
05/01/2021,"219,17"
06/01/2021,"217,72"
07/01/2021,"220,77"
08/01/2021,"221,32"
11/01/2021,"217,41"
12/01/2021,"214,15"
13/01/2021,"214,91"
14/01/2021,"213,12"
15/01/2021,"213,44"
19/01/2021,"217,44"
20/01/2021,"225,3"
21/01/2021,"225,88"
22/01/2021,"226,14"
25/01/2021,"226,98"
26/01/2021,"228,77"
27/01/2021,"220,03"
28/01/2021,"222,78"
29/01/2021,"218,57"
01/02/2021,"222,62"
02/02/2021,"226,18"
03/02/2021,"230,85"
04/02/2021,"232,22"
05/02/2021,"234,43"
08/02/2021,"235,33"
09/02/2021,"235,82"
10/02/2021,"237,3"
11/02/2021,"237,39"
12/02/2021,"237,55"
16/02/2021,"238,55"
17/02/2021,"239,7"
18/02/2021,"237,89"
19/02/2021,"235,35"
22/02/2021,"234,59"
23/02/2021,"237,06"
24/02/2021,"238,11"
25/02/2021,"232,01"
26/02/2021,"232,08"
01/03/2021,"237,54"
02/03/2021,"235,89"
03/03/2021,"232,14"
04/03/2021,"232,22"
05/03/2021,"237,73"
08/03/2021,"234,25"
09/03/2021,"236,41"
10/03/2021,"237,4"
11/03/2021,"241,59"
12/03/2021,"239,41"
15/03/2021,"240,79"
16/03/2021,"243,04"
17/03/2021,"243,57"
18/03/2021,"238,8"
19/03/2021,"240,71"
22/03/2021,"242,55"
23/03/2021,"241,8"
24/03/2021,"237,79"
25/03/2021,237
26/03/2021,"236,19"
29/03/2021,"238,61"
30/03/2021,"238,32"
31/03/2021,"239,28"
01/04/2021,"244,2"
05/04/2021,"249,75"
06/04/2021,"249,92"
07/04/2021,"251,73"
08/04/2021,"251,53"
09/04/2021,"251,95"
12/04/2021,"250,43"
13/04/2021,"250,65"
14/04/2021,"248,49"
15/04/2021,"251,65"
16/04/2021,"251,93"
19/04/2021,"251,24"
20/04/2021,"249,95"
21/04/2021,"249,25"
22/04/2021,"247,6"
23/04/2021,"250,35"
26/04/2021,"251,01"
27/04/2021,"249,88"
28/04/2021,"252,91"
29/04/2021,"259,87"
30/04/2021,"257,55"
03/05/2021,"256,55"
04/05/2021,"254,16"
05/05/2021,"253,48"
06/05/2021,"256,27"
07/05/2021,"257,83"
10/05/2021,"252,91"
11/05/2021,"251,56"
12/05/2021,"246,46"
13/05/2021,"248,59"
14/05/2021,"252,8"
17/05/2021,"250,58"
18/05/2021,"247,5"
19/05/2021,"247,74"
20/05/2021,"251,89"
21/05/2021,"251,18"
24/05/2021,"255,81"
25/05/2021,"256,11"
26/05/2021,"257,61"
27/05/2021,"258,18"
28/05/2021,"257,37"
01/06/2021,"257,89"
02/06/2021,"257,21"
03/06/2021,"255,33"
04/06/2021,"258,81"
07/06/2021,"260,04"
08/06/2021,"259,45"
09/06/2021,"259,06"
10/06/2021,"260,92"
11/06/2021,"260,93"
14/06/2021,"262,87"
15/06/2021,"261,58"
16/06/2021,"259,57"
17/06/2021,"261,06"
18/06/2021,"258,06"
21/06/2021,"260,39"
22/06/2021,"262,36"
23/06/2021,"261,82"
24/06/2021,"263,93"
25/06/2021,"264,16"
28/06/2021,"266,34"
29/06/2021,"264,95"
30/06/2021,"264,35"
01/07/2021,"266,68"
02/07/2021,"269,14"
06/07/2021,"268,9"
07/07/2021,"268,62"
08/07/2021,"265,81"
09/07/2021,"267,97"
12/07/2021,"270,38"
13/07/2021,"270,09"
14/07/2021,"270,28"
15/07/2021,"268,83"
16/07/2021,"267,3"
19/07/2021,"262,89"
20/07/2021,"265,79"
21/07/2021,"267,74"
22/07/2021,"268,83"
23/07/2021,"275,96"
26/07/2021,"277,91"
27/07/2021,"274,97"
28/07/2021,"277,04"
29/07/2021,"274,51"
30/07/2021,"273,3"
02/08/2021,"272,78"
03/08/2021,"272,27"
04/08/2021,"272,91"
05/08/2021,"275,39"
06/08/2021,"275,34"
09/08/2021,"275,44"
10/08/2021,"275,68"
11/08/2021,"275,75"
12/08/2021,"276,72"
13/08/2021,"277,4"
16/08/2021,"278,08"
17/08/2021,"275,32"
18/08/2021,"273,35"
19/08/2021,"273,7"
20/08/2021,"276,32"
23/08/2021,"279,83"
24/08/2021,"280,99"
25/08/2021,"281,63"
26/08/2021,"279,58"
27/08/2021,"284,06"
30/08/2021,"286,17"
31/08/2021,"286,95"
01/09/2021,"288,46"
02/09/2021,"286,45"
03/09/2021,"286,77"
07/09/2021,"288,06"
08/09/2021,"286,82"
09/09/2021,"285,88"
10/09/2021,"283,32"
13/09/2021,"284,47"
14/09/2021,"281,96"
15/09/2021,284
16/09/2021,"283,41"
17/09/2021,"279,82"
20/09/2021,"274,63"
21/09/2021,"273,71"
22/09/2021,"273,68"
23/09/2021,"275,91"
24/09/2021,"277,81"
27/09/2021,"277,51"
28/09/2021,"269,75"
29/09/2021,"269,18"
30/09/2021,"268,04"
01/10/2021,"272,81"
04/10/2021,"267,05"
05/10/2021,"271,3"
06/10/2021,"272,55"
07/10/2021,"273,41"
08/10/2021,"272,45"
11/10/2021,"268,5"
12/10/2021,"265,69"
13/10/2021,267
14/10/2021,"271,59"
15/10/2021,"271,29"
18/10/2021,"273,22"
19/10/2021,"275,41"
20/10/2021,"274,93"
21/10/2021,"275,92"
22/10/2021,"269,62"
25/10/2021,"270,71"
26/10/2021,"269,41"
27/10/2021,"271,98"
28/10/2021,"272,86"
29/10/2021,"275,13"
01/11/2021,"273,31"
02/11/2021,"274,18"
03/11/2021,"275,92"
04/11/2021,"276,98"
05/11/2021,"279,05"
08/11/2021,"278,6"
09/11/2021,"277,87"
10/11/2021,"274,39"
11/11/2021,"273,1"
12/11/2021,"277,7"
15/11/2021,"278,22"
16/11/2021,"276,81"
17/11/2021,"276,31"
18/11/2021,"275,72"
19/11/2021,"274,93"
22/11/2021,"271,53"
23/11/2021,"270,45"
24/11/2021,"271,02"
26/11/2021,"265,98"
29/11/2021,"268,96"
30/11/2021,"260,9"
01/12/2021,"255,73"
02/12/2021,"259,86"
03/12/2021,"258,65"
06/12/2021,"262,45"
07/12/2021,"265,87"
08/12/2021,"267,86"
09/12/2021,"265,8"
10/12/2021,"266,26"
13/12/2021,"264,32"
14/12/2021,"262,95"
15/12/2021,"266,27"
16/12/2021,"264,73"
17/12/2021,"262,92"
20/12/2021,"261,28"
21/12/2021,"265,69"
22/12/2021,"267,76"
23/12/2021,"269,61"
27/12/2021,"272,06"
28/12/2021,"271,28"
29/12/2021,"270,45"
30/12/2021,"270,76"
31/12/2021,"267,48"
03/01/2022,"268,97"
04/01/2022,"268,08"
05/01/2022,"260,2"
06/01/2022,"261,12"
07/01/2022,"260,3"
10/01/2022,"260,36"
11/01/2022,"263,02"
12/01/2022,"263,96"
13/01/2022,"260,27"
14/01/2022,"261,66"
18/01/2022,"256,45"
19/01/2022,"255,96"
20/01/2022,"253,05"
21/01/2022,"243,22"
24/01/2022,"244,27"
25/01/2022,"238,81"
26/01/2022,"236,93"
27/01/2022,"237,62"
28/01/2022,"244,55"
31/01/2022,"250,41"
01/02/2022,"253,61"
02/02/2022,"261,44"
03/02/2022,"243,58"
04/02/2022,"243,93"
07/02/2022,"238,47"
08/02/2022,"238,23"
09/02/2022,"244,07"
10/02/2022,"240,63"
11/02/2022,"234,52"
14/02/2022,"235,28"
15/02/2022,"238,24"
16/02/2022,"237,77"
17/02/2022,"230,73"
18/02/2022,"228,72"
22/02/2022,"226,48"
23/02/2022,"222,57"
24/02/2022,"229,53"
25/02/2022,"232,93"
28/02/2022,"232,92"
01/03/2022,"230,09"
02/03/2022,"231,72"
03/03/2022,"229,92"
04/03/2022,"226,71"
07/03/2022,"218,22"
08/03/2022,"217,97"
09/03/2022,"225,49"
10/03/2022,"223,8"
11/03/2022,"219,59"
14/03/2022,"215,61"
15/03/2022,"220,45"
16/03/2022,"226,9"
17/03/2022,"229,02"
18/03/2022,"232,31"
21/03/2022,"230,77"
22/03/2022,"235,4"
23/03/2022,"232,47"
24/03/2022,"236,39"
25/03/2022,"237,3"
28/03/2022,"237,94"
29/03/2022,"241,25"
30/03/2022,"239,92"
31/03/2022,"235,09"
01/04/2022,"237,17"
04/04/2022,"242,58"
05/04/2022,"239,22"
06/04/2022,"234,17"
07/04/2022,"232,46"
08/04/2022,"230,73"
11/04/2022,"226,86"
12/04/2022,"225,02"
13/04/2022,"227,96"
14/04/2022,"223,81"
18/04/2022,"223,46"
19/04/2022,"228,08"
20/04/2022,"218,8"
21/04/2022,"213,52"
22/04/2022,"206,48"
25/04/2022,"209,63"
26/04/2022,203
27/04/2022,"197,69"
28/04/2022,"205,37"
29/04/2022,"198,03"
02/05/2022,"202,83"
03/05/2022,"203,92"
04/05/2022,"211,42"
05/05/2022,"202,78"
06/05/2022,"200,13"
09/05/2022,"195,25"
10/05/2022,"196,89"
11/05/2022,"193,92"
12/05/2022,"194,91"
13/05/2022,"199,81"
16/05/2022,"198,63"
17/05/2022,"202,25"
18/05/2022,"195,36"
19/05/2022,"194,22"
20/05/2022,"193,79"
23/05/2022,"197,3"
24/05/2022,"189,99"
25/05/2022,"191,66"
26/05/2022,"195,62"
27/05/2022,"200,75"
31/05/2022,"201,56"
01/06/2022,"200,16"
02/06/2022,"205,32"
03/06/2022,"200,46"
06/06/2022,"202,42"
07/06/2022,"203,45"
08/06/2022,"203,4"
09/06/2022,"197,8"
10/06/2022,"192,17"
13/06/2022,"183,65"
14/06/2022,"183,13"
15/06/2022,"187,46"
16/06/2022,"180,99"
17/06/2022,"183,37"
21/06/2022,"186,34"
22/06/2022,"186,74"
23/06/2022,"188,77"
24/06/2022,"196,2"
27/06/2022,"194,14"
28/06/2022,"188,47"
29/06/2022,"188,97"
30/06/2022,"186,03"
01/07/2022,"187,29"
05/07/2022,"192,28"
06/07/2022,"193,09"
07/07/2022,"196,92"
08/07/2022,"196,5"
11/07/2022,191
12/07/2022,"190,08"
13/07/2022,"188,04"
14/07/2022,"186,06"
15/07/2022,"190,09"
18/07/2022,"188,01"
19/07/2022,"194,84"
20/07/2022,"196,81"
21/07/2022,"196,4"
22/07/2022,"187,88"
25/07/2022,"187,35"
26/07/2022,"183,51"
27/07/2022,"192,89"
28/07/2022,"191,47"
29/07/2022,"192,55"
01/08/2022,"191,74"
02/08/2022,"191,4"
03/08/2022,"196,15"
04/08/2022,"196,51"
05/08/2022,"194,79"
08/08/2022,"195,51"
09/08/2022,"194,11"
10/08/2022,"199,48"
11/08/2022,"199,5"
12/08/2022,"203,52"
15/08/2022,"204,5"
16/08/2022,"204,37"
17/08/2022,"200,59"
18/08/2022,"200,51"
19/08/2022,"196,85"
22/08/2022,"191,6"
23/08/2022,"190,24"
24/08/2022,"190,96"
25/08/2022,"194,9"
26/08/2022,"187,37"
29/08/2022,"185,9"
30/08/2022,"184,43"
31/08/2022,"184,44"
01/09/2022,"186,38"
02/09/2022,"182,92"
06/09/2022,"180,61"
07/09/2022,"184,31"
08/09/2022,"183,5"
09/09/2022,"188,14"
12/09/2022,"188,98"
13/09/2022,"178,33"
14/09/2022,"178,99"
15/09/2022,"177,1"
16/09/2022,"176,05"
19/09/2022,"176,82"
20/09/2022,"173,98"
21/09/2022,"169,99"
22/09/2022,"170,09"
23/09/2022,"167,08"
26/09/2022,"164,89"
27/09/2022,"163,71"
28/09/2022,"168,91"
29/09/2022,"164,75"
30/09/2022,"162,01"
03/10/2022,"166,83"
04/10/2022,"171,37"
05/10/2022,"170,31"
06/10/2022,"169,2"
07/10/2022,"164,39"
10/10/2022,"163,63"
11/10/2022,"160,95"
12/10/2022,"160,95"
13/10/2022,"164,53"
14/10/2022,"161,34"
17/10/2022,"166,73"
18/10/2022,"167,62"
19/10/2022,"167,42"
20/10/2022,"168,02"
21/10/2022,"169,45"
24/10/2022,"170,98"
25/10/2022,"175,04"
26/10/2022,"166,72"
27/10/2022,"159,85"
28/10/2022,"164,62"
31/10/2022,"161,86"
01/11/2022,"158,93"
02/11/2022,"154,1"
03/11/2022,"149,74"
04/11/2022,"152,38"
07/11/2022,"155,16"
08/11/2022,"155,73"
09/11/2022,"152,77"
10/11/2022,"162,43"
11/11/2022,"166,45"
14/11/2022,"166,01"
15/11/2022,"168,96"
16/11/2022,"168,01"
17/11/2022,"166,9"
18/11/2022,"166,31"
21/11/2022,"164,96"
22/11/2022,"167,15"
23/11/2022,"169,18"
25/11/2022,"167,99"
28/11/2022,"165,39"
29/11/2022,"164,84"
30/11/2022,"172,94"
01/12/2022,"173,45"
02/12/2022,"173,55"
05/12/2022,"170,94"
06/12/2022,"166,54"
07/12/2022,"164,99"
08/12/2022,"164,16"
09/12/2022,"164,19"
12/12/2022,"165,35"
13/12/2022,"168,16"
14/12/2022,"166,72"
15/12/2022,"160,31"
16/12/2022,"160,14"
19/12/2022,"156,64"
20/12/2022,"157,77"
21/12/2022,"159,64"
22/12/2022,"157,8"
23/12/2022,"159,5"
27/12/2022,"157,62"
28/12/2022,"155,24"
29/12/2022,"159,41"
30/12/2022,"159,37"
03/01/2023,"161,59"
04/01/2023,"163,36"
05/01/2023,"162,46"
06/01/2023,"165,26"
09/01/2023,"165,27"
10/01/2023,"167,4"
11/01/2023,"169,64"
12/01/2023,"171,05"
13/01/2023,"171,98"
17/01/2023,"170,4"
18/01/2023,"168,82"
19/01/2023,"170,34"
20/01/2023,"177,09"
23/01/2023,"180,24"
24/01/2023,"178,99"
25/01/2023,"178,35"
26/01/2023,"181,3"
27/01/2023,"182,9"
30/01/2023,"179,61"
31/01/2023,"182,04"
01/02/2023,"184,49"
02/02/2023,"196,92"
03/02/2023,"192,55"
06/02/2023,"190,03"
07/02/2023,"194,74"
08/02/2023,"186,69"
09/02/2023,"181,47"
10/02/2023,"179,86"
13/02/2023,"181,84"
14/02/2023,"181,85"
15/02/2023,"183,97"
16/02/2023,"181,12"
17/02/2023,"180,27"
21/02/2023,"176,14"
22/02/2023,"176,05"
23/02/2023,"174,89"
24/02/2023,"172,39"
27/02/2023,"173,11"
28/02/2023,"173,53"
01/03/2023,"172,47"
02/03/2023,"174,36"
03/03/2023,"178,02"
06/03/2023,"178,83"
07/03/2023,"176,78"
08/03/2023,"177,12"
09/03/2023,"173,18"
10/03/2023,"170,71"
13/03/2023,"171,13"
14/03/2023,"175,84"
15/03/2023,"178,48"
16/03/2023,"183,43"
17/03/2023,"182,56"
20/03/2023,"183,44"
21/03/2023,"187,93"
22/03/2023,"184,88"
23/03/2023,"188,27"
