Fecha,Energy
23/03/2018,"493,31"
26/03/2018,"502,07"
27/03/2018,"497,67"
28/03/2018,"487,78"
29/03/2018,"498,29"
02/04/2018,"488,35"
03/04/2018,"498,79"
04/04/2018,"498,1"
05/04/2018,"507,14"
06/04/2018,"497,8"
09/04/2018,"500,13"
10/04/2018,"516,73"
11/04/2018,"522,11"
12/04/2018,"522,08"
13/04/2018,"527,75"
16/04/2018,"533,1"
17/04/2018,"535,23"
18/04/2018,"543,5"
19/04/2018,"544,26"
20/04/2018,"541,48"
23/04/2018,"544,78"
24/04/2018,"538,93"
25/04/2018,"543,32"
26/04/2018,"551,49"
27/04/2018,"544,78"
30/04/2018,"544,56"
01/05/2018,"541,54"
02/05/2018,"543,68"
03/05/2018,"542,41"
04/05/2018,"544,84"
07/05/2018,"545,84"
08/05/2018,"550,1"
09/05/2018,"561,29"
10/05/2018,"565,87"
11/05/2018,"565,28"
14/05/2018,"568,85"
15/05/2018,"568,92"
16/05/2018,"571,02"
17/05/2018,"578,51"
18/05/2018,"573,85"
21/05/2018,"579,4"
22/05/2018,"571,99"
23/05/2018,"571,98"
24/05/2018,"562,44"
25/05/2018,"547,77"
29/05/2018,"546,01"
30/05/2018,"563,01"
31/05/2018,"558,35"
01/06/2018,"561,37"
04/06/2018,"556,21"
05/06/2018,"554,3"
06/06/2018,"557,43"
07/06/2018,"566,26"
08/06/2018,"565,02"
11/06/2018,"567,05"
12/06/2018,"562,79"
13/06/2018,"560,5"
14/06/2018,"559,3"
15/06/2018,"547,51"
18/06/2018,"553,66"
19/06/2018,"552,17"
20/06/2018,"554,52"
21/06/2018,"543,84"
22/06/2018,"555,82"
25/06/2018,"543,6"
26/06/2018,"551,2"
27/06/2018,"558,58"
28/06/2018,"557,93"
29/06/2018,"561,54"
02/07/2018,"552,86"
03/07/2018,"556,84"
05/07/2018,"555,97"
06/07/2018,"559,67"
09/07/2018,"567,93"
10/07/2018,"572,13"
11/07/2018,"559,84"
12/07/2018,"560,96"
13/07/2018,"564,08"
16/07/2018,"557,42"
17/07/2018,"555,3"
18/07/2018,"555,47"
19/07/2018,"555,37"
20/07/2018,"553,41"
23/07/2018,"551,23"
24/07/2018,"558,48"
25/07/2018,"563,52"
26/07/2018,"569,12"
27/07/2018,"566,22"
30/07/2018,"570,98"
31/07/2018,"569,16"
01/08/2018,"561,58"
02/08/2018,"558,66"
03/08/2018,"556,06"
06/08/2018,"557,93"
07/08/2018,"561,93"
08/08/2018,"557,65"
09/08/2018,"552,7"
10/08/2018,"554,18"
13/08/2018,"547,44"
14/08/2018,"548,87"
15/08/2018,"529,59"
16/08/2018,"532,85"
17/08/2018,"534,27"
20/08/2018,"537,8"
21/08/2018,"540,46"
22/08/2018,"546,93"
23/08/2018,"544,07"
24/08/2018,"548,4"
27/08/2018,"552,44"
28/08/2018,"549,94"
29/08/2018,"553,39"
30/08/2018,"551,63"
31/08/2018,"547,58"
04/09/2018,"546,02"
05/09/2018,"545,58"
06/09/2018,"535,06"
07/09/2018,"534,93"
10/09/2018,"534,83"
11/09/2018,"540,06"
12/09/2018,"542,82"
13/09/2018,"542,83"
14/09/2018,"545,87"
17/09/2018,"546,77"
18/09/2018,"550,58"
19/09/2018,"552,68"
20/09/2018,"552,36"
21/09/2018,"556,34"
24/09/2018,"564,51"
25/09/2018,"567,74"
26/09/2018,"562,11"
27/09/2018,"562,37"
28/09/2018,"560,91"
01/10/2018,"569,13"
02/10/2018,"569,86"
03/10/2018,"574,55"
04/10/2018,"571,61"
05/10/2018,"571,36"
08/10/2018,"571,09"
09/10/2018,"576,72"
10/10/2018,"556,04"
11/10/2018,"538,87"
12/10/2018,"540,51"
15/10/2018,"536,08"
16/10/2018,"540,77"
17/10/2018,"537,01"
18/10/2018,"534,41"
19/10/2018,"530,02"
22/10/2018,"524,19"
23/10/2018,"510,17"
24/10/2018,"490,83"
25/10/2018,"496,47"
26/10/2018,"492,59"
29/10/2018,"483,31"
30/10/2018,"494,41"
31/10/2018,"497,37"
01/11/2018,"501,52"
02/11/2018,"500,99"
05/11/2018,"509,06"
06/11/2018,"510,77"
07/11/2018,519
08/11/2018,"507,56"
09/11/2018,"505,68"
12/11/2018,"494,86"
13/11/2018,"483,03"
14/11/2018,"482,52"
15/11/2018,"489,65"
16/11/2018,"495,03"
19/11/2018,"494,55"
20/11/2018,"478,27"
21/11/2018,"485,82"
23/11/2018,"469,96"
26/11/2018,"478,03"
27/11/2018,"476,45"
28/11/2018,"484,76"
29/11/2018,"487,6"
30/11/2018,"486,42"
03/12/2018,"497,52"
04/12/2018,"482,93"
06/12/2018,"474,39"
07/12/2018,"471,34"
10/12/2018,"463,72"
11/12/2018,"463,86"
12/12/2018,"465,37"
13/12/2018,"467,05"
14/12/2018,"455,93"
17/12/2018,"447,46"
18/12/2018,"436,96"
19/12/2018,"431,5"
20/12/2018,"419,45"
21/12/2018,"415,06"
24/12/2018,"398,39"
26/12/2018,"423,26"
27/12/2018,"425,97"
28/12/2018,"422,16"
31/12/2018,"424,07"
02/01/2019,"432,85"
03/01/2019,"428,07"
04/01/2019,"443,41"
07/01/2019,"449,14"
08/01/2019,"452,87"
09/01/2019,"459,67"
10/01/2019,"461,17"
11/01/2019,"458,28"
14/01/2019,"457,43"
15/01/2019,"458,8"
16/01/2019,"458,1"
17/01/2019,"462,58"
18/01/2019,"471,53"
22/01/2019,"461,15"
23/01/2019,"456,54"
24/01/2019,"459,26"
25/01/2019,"464,69"
28/01/2019,"459,9"
29/01/2019,"461,36"
30/01/2019,"467,49"
31/01/2019,"470,81"
01/02/2019,"479,44"
04/02/2019,"480,26"
05/02/2019,"481,05"
06/02/2019,"477,37"
07/02/2019,"467,21"
08/02/2019,"463,84"
11/02/2019,"465,97"
12/02/2019,"471,49"
13/02/2019,"477,57"
14/02/2019,"478,3"
15/02/2019,"485,89"
19/02/2019,"487,3"
20/02/2019,"489,38"
21/02/2019,"481,81"
22/02/2019,"483,41"
25/02/2019,"484,13"
26/02/2019,"482,79"
27/02/2019,"484,65"
28/02/2019,"479,94"
01/03/2019,"488,65"
04/03/2019,"489,64"
05/03/2019,"488,11"
06/03/2019,"481,88"
07/03/2019,"479,13"
08/03/2019,"469,77"
11/03/2019,"476,99"
12/03/2019,"479,75"
13/03/2019,"484,96"
14/03/2019,"485,24"
15/03/2019,"484,84"
18/03/2019,"491,57"
19/03/2019,"490,15"
20/03/2019,"494,51"
21/03/2019,"497,92"
22/03/2019,"484,86"
25/03/2019,"484,83"
26/03/2019,"491,84"
27/03/2019,"488,39"
28/03/2019,"490,21"
29/03/2019,"489,45"
01/04/2019,"496,14"
02/04/2019,"492,66"
03/04/2019,"487,93"
04/04/2019,"492,11"
05/04/2019,"500,45"
08/04/2019,"502,9"
09/04/2019,"496,42"
10/04/2019,"498,51"
11/04/2019,"498,68"
12/04/2019,"499,6"
15/04/2019,"496,76"
16/04/2019,"499,94"
17/04/2019,"499,51"
18/04/2019,"496,88"
22/04/2019,"507,08"
23/04/2019,"507,26"
24/04/2019,"497,89"
25/04/2019,"496,5"
26/04/2019,"490,47"
29/04/2019,"489,24"
30/04/2019,"489,38"
01/05/2019,"478,74"
02/05/2019,"470,54"
03/05/2019,"474,5"
06/05/2019,"474,19"
07/05/2019,"471,23"
08/05/2019,"470,95"
09/05/2019,"471,27"
10/05/2019,"471,66"
13/05/2019,"464,19"
14/05/2019,"469,26"
15/05/2019,"471,42"
16/05/2019,"473,19"
17/05/2019,"468,23"
20/05/2019,"468,55"
21/05/2019,"473,58"
22/05/2019,"466,1"
23/05/2019,"451,53"
24/05/2019,"452,22"
28/05/2019,"447,24"
29/05/2019,"444,45"
30/05/2019,"439,19"
31/05/2019,"432,1"
03/06/2019,"438,01"
04/06/2019,"445,06"
05/06/2019,"440,25"
06/06/2019,"447,85"
07/06/2019,"449,69"
10/06/2019,"451,19"
11/06/2019,"451,75"
12/06/2019,"445,26"
13/06/2019,"450,81"
14/06/2019,"447,48"
17/06/2019,"451,55"
18/06/2019,"457,67"
19/06/2019,"456,65"
20/06/2019,"466,74"
21/06/2019,"470,57"
24/06/2019,"466,21"
25/06/2019,"462,36"
26/06/2019,"469,46"
27/06/2019,"465,73"
28/06/2019,"471,28"
01/07/2019,"471,74"
02/07/2019,"463,54"
03/07/2019,"466,33"
05/07/2019,"466,84"
08/07/2019,"467,3"
09/07/2019,"467,7"
10/07/2019,"474,26"
11/07/2019,"475,13"
12/07/2019,"476,89"
15/07/2019,"472,47"
16/07/2019,"467,15"
17/07/2019,"461,79"
18/07/2019,"461,75"
19/07/2019,"464,01"
22/07/2019,"466,07"
23/07/2019,"467,32"
24/07/2019,"469,21"
25/07/2019,"463,77"
26/07/2019,"461,46"
29/07/2019,"459,92"
30/07/2019,"464,95"
31/07/2019,"462,47"
01/08/2019,"451,93"
02/08/2019,"445,85"
05/08/2019,"432,63"
06/08/2019,"432,35"
07/08/2019,"429,08"
08/08/2019,"441,49"
09/08/2019,"435,96"
12/08/2019,"429,79"
13/08/2019,"434,15"
14/08/2019,"416,27"
15/08/2019,"414,12"
16/08/2019,"419,03"
19/08/2019,"428,01"
20/08/2019,"423,89"
21/08/2019,"427,08"
22/08/2019,"425,02"
23/08/2019,"410,68"
26/08/2019,"412,53"
27/08/2019,"409,96"
28/08/2019,"415,71"
29/08/2019,"421,74"
30/08/2019,"422,09"
03/09/2019,"419,76"
04/09/2019,"425,6"
05/09/2019,"431,01"
06/09/2019,"433,24"
09/09/2019,"441,27"
10/09/2019,"446,98"
11/09/2019,"447,08"
12/09/2019,"444,25"
13/09/2019,"447,81"
16/09/2019,"462,55"
17/09/2019,"455,54"
18/09/2019,"453,64"
19/09/2019,"451,89"
20/09/2019,"452,25"
23/09/2019,"452,76"
24/09/2019,"445,38"
25/09/2019,"446,4"
26/09/2019,"440,45"
27/09/2019,"440,45"
30/09/2019,"437,13"
01/10/2019,"427,07"
02/10/2019,"415,93"
03/10/2019,"421,16"
04/10/2019,"423,76"
07/10/2019,"419,86"
08/10/2019,"412,37"
09/10/2019,"416,77"
10/10/2019,"422,11"
11/10/2019,"428,04"
14/10/2019,"427,54"
15/10/2019,"429,22"
16/10/2019,"422,81"
17/10/2019,"422,97"
18/10/2019,"420,67"
21/10/2019,"428,49"
22/10/2019,"434,1"
23/10/2019,"437,36"
24/10/2019,"435,5"
25/10/2019,"438,87"
28/10/2019,"436,14"
29/10/2019,"437,97"
30/10/2019,"428,68"
31/10/2019,"426,66"
01/11/2019,"437,36"
04/11/2019,"451,12"
05/11/2019,"453,17"
06/11/2019,"442,79"
07/11/2019,"449,78"
08/11/2019,"446,13"
11/11/2019,"443,65"
12/11/2019,"441,05"
13/11/2019,"438,79"
14/11/2019,"437,5"
15/11/2019,"440,43"
18/11/2019,"434,57"
19/11/2019,"428,17"
20/11/2019,"432,61"
21/11/2019,"439,68"
22/11/2019,"438,15"
25/11/2019,"438,86"
26/11/2019,"434,42"
27/11/2019,"435,78"
29/11/2019,"431,37"
02/12/2019,"431,49"
03/12/2019,"424,81"
04/12/2019,"431,48"
05/12/2019,"429,34"
06/12/2019,"437,91"
09/12/2019,"436,83"
10/12/2019,"437,49"
11/12/2019,"436,81"
12/12/2019,"445,4"
13/12/2019,"441,35"
16/12/2019,"447,64"
17/12/2019,"447,47"
18/12/2019,"448,83"
19/12/2019,"448,55"
20/12/2019,"452,48"
23/12/2019,"457,28"
24/12/2019,"457,06"
26/12/2019,"457,11"
27/12/2019,"454,96"
30/12/2019,"453,39"
31/12/2019,"456,46"
02/01/2020,"460,34"
03/01/2020,"458,77"
06/01/2020,"462,34"
07/01/2020,"461,39"
08/01/2020,"453,36"
09/01/2020,"456,79"
10/01/2020,"453,87"
13/01/2020,"454,25"
14/01/2020,"454,26"
15/01/2020,"451,21"
16/01/2020,"451,74"
17/01/2020,"448,77"
21/01/2020,"440,32"
22/01/2020,"436,39"
23/01/2020,"434,81"
24/01/2020,"429,71"
27/01/2020,"417,87"
28/01/2020,"419,59"
29/01/2020,"415,12"
30/01/2020,"418,79"
31/01/2020,"405,45"
03/02/2020,"400,02"
04/02/2020,"400,81"
05/02/2020,"415,97"
06/02/2020,"411,64"
07/02/2020,"408,55"
10/02/2020,"405,24"
11/02/2020,"409,47"
12/02/2020,"415,03"
13/02/2020,"413,15"
14/02/2020,"409,82"
18/02/2020,"406,42"
19/02/2020,"411,79"
20/02/2020,"411,11"
21/02/2020,"405,93"
24/02/2020,"386,7"
25/02/2020,"369,92"
26/02/2020,"358,94"
27/02/2020,"339,3"
28/02/2020,"343,53"
02/03/2020,"353,68"
03/03/2020,"342,64"
04/03/2020,"350,25"
05/03/2020,"337,59"
06/03/2020,"318,64"
09/03/2020,"254,65"
10/03/2020,"267,37"
11/03/2020,"252,77"
12/03/2020,"221,69"
13/03/2020,"241,29"
16/03/2020,"208,41"
17/03/2020,"209,92"
18/03/2020,"179,94"
19/03/2020,"192,08"
20/03/2020,"193,93"
23/03/2020,"181,03"
24/03/2020,"210,56"
25/03/2020,"220,02"
26/03/2020,"233,76"
27/03/2020,"217,56"
30/03/2020,"219,81"
31/03/2020,"223,4"
01/04/2020,"213,04"
02/04/2020,"232,37"
03/04/2020,"229,26"
06/04/2020,"241,07"
07/04/2020,"245,9"
08/04/2020,"262,46"
09/04/2020,"259,63"
13/04/2020,"258,57"
14/04/2020,"257,37"
15/04/2020,"245,34"
16/04/2020,"235,59"
17/04/2020,"260,17"
20/04/2020,"251,6"
21/04/2020,"247,38"
22/04/2020,"256,24"
23/04/2020,"263,96"
24/04/2020,"264,51"
27/04/2020,"270,07"
28/04/2020,"275,99"
29/04/2020,"296,28"
30/04/2020,"289,65"
01/05/2020,"272,28"
04/05/2020,"282,38"
05/05/2020,"283,12"
06/05/2020,"275,67"
07/05/2020,"282,49"
08/05/2020,"294,75"
11/05/2020,"289,78"
12/05/2020,"282,93"
13/05/2020,"270,52"
14/05/2020,"273,07"
15/05/2020,"272,31"
18/05/2020,"292,87"
19/05/2020,"284,4"
20/05/2020,"295,26"
21/05/2020,"290,88"
22/05/2020,"288,94"
26/05/2020,"297,34"
27/05/2020,"300,79"
28/05/2020,"292,04"
29/05/2020,"291,59"
01/06/2020,"296,5"
02/06/2020,"304,37"
03/06/2020,"313,65"
04/06/2020,"313,17"
05/06/2020,"336,52"
08/06/2020,"351,06"
09/06/2020,"338,46"
10/06/2020,"321,81"
11/06/2020,"291,39"
12/06/2020,"299,28"
15/06/2020,"299,54"
16/06/2020,"307,99"
17/06/2020,"297,89"
18/06/2020,"301,45"
19/06/2020,"296,4"
22/06/2020,"298,27"
23/06/2020,"298,5"
24/06/2020,"281,97"
25/06/2020,"287,39"
26/06/2020,"277,3"
29/06/2020,"281,26"
30/06/2020,"287,46"
01/07/2020,"280,3"
02/07/2020,"283,46"
06/07/2020,"284,51"
07/07/2020,"275,46"
08/07/2020,"275,17"
09/07/2020,"261,81"
10/07/2020,"270,32"
13/07/2020,"268,87"
14/07/2020,"278,56"
15/07/2020,"284,02"
16/07/2020,"282,57"
17/07/2020,"278,27"
20/07/2020,"273,46"
21/07/2020,"290,28"
22/07/2020,"286,39"
23/07/2020,"285,79"
24/07/2020,"284,11"
27/07/2020,"284,71"
28/07/2020,"279,73"
29/07/2020,"285,7"
30/07/2020,"273,99"
31/07/2020,"272,09"
03/08/2020,"272,81"
04/08/2020,"279,51"
05/08/2020,"282,46"
06/08/2020,"280,45"
07/08/2020,"280,59"
10/08/2020,"289,24"
11/08/2020,"288,55"
12/08/2020,"290,07"
13/08/2020,"284,31"
14/08/2020,"286,99"
17/08/2020,"285,18"
18/08/2020,"280,29"
19/08/2020,"277,05"
20/08/2020,"271,15"
21/08/2020,"269,45"
24/08/2020,"276,87"
25/08/2020,"272,94"
26/08/2020,"266,85"
27/08/2020,"267,52"
28/08/2020,"272,48"
31/08/2020,"266,5"
01/09/2020,"264,05"
02/09/2020,"262,95"
03/09/2020,"261,18"
04/09/2020,"260,32"
08/09/2020,"250,67"
09/09/2020,"252,21"
10/09/2020,"242,96"
11/09/2020,"243,58"
14/09/2020,"245,09"
15/09/2020,"243,22"
16/09/2020,"253,06"
17/09/2020,"253,58"
18/09/2020,"250,65"
21/09/2020,"242,45"
22/09/2020,"239,96"
23/09/2020,"229,05"
24/09/2020,"229,24"
25/09/2020,"229,09"
28/09/2020,"234,42"
29/09/2020,"228,03"
30/09/2020,"227,49"
01/10/2020,"220,36"
02/10/2020,"222,55"
05/10/2020,"229,05"
06/10/2020,"225,56"
07/10/2020,"228,82"
08/10/2020,"237,46"
09/10/2020,"233,68"
12/10/2020,"234,41"
13/10/2020,"230,76"
14/10/2020,"231,47"
15/10/2020,"234,18"
16/10/2020,"228,78"
19/10/2020,"223,97"
20/10/2020,"226,51"
21/10/2020,"222,01"
22/10/2020,"231,24"
23/10/2020,"229,96"
26/10/2020,"221,99"
27/10/2020,"218,92"
28/10/2020,"209,69"
29/10/2020,"216,41"
30/10/2020,"216,82"
02/11/2020,"224,77"
03/11/2020,"223,09"
04/11/2020,"223,45"
05/11/2020,"223,36"
06/11/2020,"218,58"
09/11/2020,"249,67"
10/11/2020,"255,97"
11/11/2020,"253,82"
12/11/2020,"245,21"
13/11/2020,"254,55"
16/11/2020,"271,09"
17/11/2020,"272,44"
18/11/2020,"264,6"
19/11/2020,"268,65"
20/11/2020,"267,24"
23/11/2020,"286,18"
24/11/2020,"300,95"
25/11/2020,"293,66"
27/11/2020,"289,99"
30/11/2020,"274,42"
01/12/2020,"275,62"
02/12/2020,"284,3"
03/12/2020,"287,34"
04/12/2020,"302,94"
07/12/2020,"295,55"
08/12/2020,"300,19"
09/12/2020,"301,14"
10/12/2020,"309,95"
11/12/2020,"306,38"
14/12/2020,"295,55"
15/12/2020,"301,23"
16/12/2020,"300,04"
17/12/2020,"298,33"
18/12/2020,"293,33"
21/12/2020,"288,06"
22/12/2020,"283,04"
23/12/2020,"289,2"
24/12/2020,"287,38"
28/12/2020,"285,82"
29/12/2020,"283,93"
30/12/2020,"288,48"
31/12/2020,"286,14"
04/01/2021,"286,5"
05/01/2021,"299,49"
06/01/2021,"308,45"
07/01/2021,"313,06"
08/01/2021,"312,78"
11/01/2021,"317,86"
12/01/2021,"328,98"
13/01/2021,"326,33"
14/01/2021,"336,14"
15/01/2021,"322,58"
19/01/2021,"329,3"
20/01/2021,"330,47"
21/01/2021,"319,12"
22/01/2021,"317,54"
25/01/2021,"314,17"
26/01/2021,"307,5"
27/01/2021,"303,22"
28/01/2021,"306,92"
29/01/2021,"296,52"
01/02/2021,"298,59"
02/02/2021,"301,85"
03/02/2021,"314,75"
04/02/2021,"318,16"
05/02/2021,"321,1"
08/02/2021,"334,5"
09/02/2021,"329,41"
10/02/2021,"335,48"
11/02/2021,"330,36"
12/02/2021,"334,99"
16/02/2021,"342,57"
17/02/2021,"347,55"
18/02/2021,"339,66"
19/02/2021,"345,23"
22/02/2021,"357,22"
23/02/2021,"362,97"
24/02/2021,"376,2"
25/02/2021,"368,66"
26/02/2021,"360,19"
01/03/2021,"369,47"
02/03/2021,"367,31"
03/03/2021,"372,55"
04/03/2021,"381,76"
05/03/2021,"396,54"
08/03/2021,"397,13"
09/03/2021,"389,54"
10/03/2021,"399,8"
11/03/2021,"400,11"
12/03/2021,"400,82"
15/03/2021,"395,81"
16/03/2021,"384,62"
17/03/2021,"388,23"
18/03/2021,"370,06"
19/03/2021,"370,11"
22/03/2021,"366,39"
23/03/2021,"361,4"
24/03/2021,"370,51"
25/03/2021,"371,44"
26/03/2021,"381,18"
29/03/2021,"376,37"
30/03/2021,"373,35"
31/03/2021,"369,89"
01/04/2021,"379,71"
05/04/2021,"370,57"
06/04/2021,"369,6"
07/04/2021,"371,23"
08/04/2021,"366,17"
09/04/2021,"364,35"
12/04/2021,"360,91"
13/04/2021,"361,26"
14/04/2021,"371,78"
15/04/2021,"368,5"
16/04/2021,"365,19"
19/04/2021,"364,98"
20/04/2021,"355,26"
21/04/2021,"360,5"
22/04/2021,"355,42"
23/04/2021,"358,74"
26/04/2021,"361,03"
27/04/2021,"365,57"
28/04/2021,"377,8"
29/04/2021,"381,98"
30/04/2021,"371,6"
03/05/2021,"382,43"
04/05/2021,"382,51"
05/05/2021,"395,24"
06/05/2021,"397,15"
07/05/2021,"404,65"
10/05/2021,"404,45"
11/05/2021,"394,09"
12/05/2021,"394,33"
13/05/2021,"389,01"
14/05/2021,"401,29"
17/05/2021,"410,53"
18/05/2021,"399,72"
19/05/2021,"389,63"
20/05/2021,"389,17"
21/05/2021,"389,91"
24/05/2021,"393,76"
25/05/2021,"385,73"
26/05/2021,"389,32"
27/05/2021,"389,54"
28/05/2021,"389,82"
01/06/2021,"405,14"
02/06/2021,"412,19"
03/06/2021,"413,47"
04/06/2021,"415,85"
07/06/2021,"414,25"
08/06/2021,"417,89"
09/06/2021,"415,56"
10/06/2021,"415,02"
11/06/2021,"413,47"
14/06/2021,"411,85"
15/06/2021,"420,34"
16/06/2021,"418,31"
17/06/2021,"403,71"
18/06/2021,"391,92"
21/06/2021,"408,73"
22/06/2021,"411,46"
23/06/2021,"412,55"
24/06/2021,"416,07"
25/06/2021,"418,03"
28/06/2021,"404,13"
29/06/2021,"402,1"
30/06/2021,"407,37"
01/07/2021,"414,36"
02/07/2021,"413,52"
06/07/2021,"400,28"
07/07/2021,"393,37"
08/07/2021,"391,55"
09/07/2021,"399,42"
12/07/2021,"398,98"
13/07/2021,"396,15"
14/07/2021,"384,51"
15/07/2021,"379,08"
16/07/2021,"368,6"
19/07/2021,"355,36"
20/07/2021,"360,26"
21/07/2021,"372,98"
22/07/2021,"368,77"
23/07/2021,"367,17"
26/07/2021,"376,34"
27/07/2021,"372,54"
28/07/2021,"376,15"
29/07/2021,"379,67"
30/07/2021,"372,99"
02/08/2021,"370,33"
03/08/2021,"377,11"
04/08/2021,"366,06"
05/08/2021,"370,75"
06/08/2021,"374,19"
09/08/2021,"368,66"
10/08/2021,375
11/08/2021,"377,82"
12/08/2021,"375,97"
13/08/2021,"371,14"
16/08/2021,"364,35"
17/08/2021,361
18/08/2021,"352,34"
19/08/2021,"342,99"
20/08/2021,"343,95"
23/08/2021,"356,92"
24/08/2021,"362,68"
25/08/2021,"365,28"
26/08/2021,"359,77"
27/08/2021,"369,21"
30/08/2021,"364,92"
31/08/2021,"362,26"
01/09/2021,"356,8"
02/09/2021,"365,82"
03/09/2021,"363,88"
07/09/2021,"361,8"
08/09/2021,"357,11"
09/09/2021,"357,55"
10/09/2021,"357,39"
13/09/2021,"367,9"
14/09/2021,"362,2"
15/09/2021,"376,02"
16/09/2021,"372,04"
17/09/2021,"369,23"
20/09/2021,358
21/09/2021,"359,34"
22/09/2021,"370,71"
23/09/2021,"383,35"
24/09/2021,"386,57"
27/09/2021,"399,83"
28/09/2021,"401,67"
29/09/2021,"401,66"
30/09/2021,"395,88"
01/10/2021,"408,94"
04/10/2021,"415,6"
05/10/2021,418
06/10/2021,"413,6"
07/10/2021,"416,45"
08/10/2021,"429,46"
11/10/2021,"427,71"
12/10/2021,"427,6"
13/10/2021,"427,19"
14/10/2021,"432,43"
15/10/2021,"434,44"
18/10/2021,"434,89"
19/10/2021,"439,87"
20/10/2021,"443,53"
21/10/2021,"435,5"
22/10/2021,"439,56"
25/10/2021,"445,91"
26/10/2021,"448,94"
27/10/2021,"436,1"
28/10/2021,"439,12"
29/10/2021,"436,19"
01/11/2021,"443,11"
02/11/2021,"438,65"
03/11/2021,"434,99"
04/11/2021,"435,83"
05/11/2021,442
08/11/2021,"445,91"
09/11/2021,"447,67"
10/11/2021,"434,38"
11/11/2021,"435,73"
12/11/2021,"434,6"
15/11/2021,"438,21"
16/11/2021,"438,62"
17/11/2021,"430,97"
18/11/2021,"428,66"
19/11/2021,"411,91"
22/11/2021,"419,38"
23/11/2021,"432,14"
24/11/2021,"436,37"
26/11/2021,"418,74"
29/11/2021,"421,22"
30/11/2021,"410,7"
01/12/2021,"406,82"
02/12/2021,"418,41"
03/12/2021,"415,28"
06/12/2021,"421,64"
07/12/2021,"431,24"
08/12/2021,"431,28"
09/12/2021,"427,37"
10/12/2021,"430,61"
13/12/2021,"418,67"
14/12/2021,"417,09"
15/12/2021,"415,33"
16/12/2021,"418,06"
17/12/2021,"408,68"
20/12/2021,"403,9"
21/12/2021,"415,57"
22/12/2021,"417,96"
23/12/2021,"418,37"
27/12/2021,"427,74"
28/12/2021,"427,25"
29/12/2021,"424,55"
30/12/2021,"421,68"
31/12/2021,"422,74"
03/01/2022,"435,83"
04/01/2022,"450,9"
05/01/2022,"450,57"
06/01/2022,"460,89"
07/01/2022,"467,58"
10/01/2022,"466,32"
11/01/2022,"482,24"
12/01/2022,"483,15"
13/01/2022,"480,24"
14/01/2022,"491,98"
18/01/2022,"493,97"
19/01/2022,"490,72"
20/01/2022,"486,31"
21/01/2022,"476,81"
24/01/2022,"479,43"
25/01/2022,"498,42"
26/01/2022,"497,56"
27/01/2022,"503,75"
28/01/2022,"500,72"
31/01/2022,"502,93"
01/02/2022,"520,75"
02/02/2022,"522,72"
03/02/2022,"517,29"
04/02/2022,"525,45"
07/02/2022,"532,31"
08/02/2022,"521,01"
09/02/2022,"523,67"
10/02/2022,"520,12"
11/02/2022,"534,65"
14/02/2022,"522,66"
15/02/2022,"515,42"
16/02/2022,"519,34"
17/02/2022,"518,9"
18/02/2022,"514,82"
22/02/2022,"506,95"
23/02/2022,"512,09"
24/02/2022,"507,64"
25/02/2022,"521,54"
28/02/2022,"534,95"
01/03/2022,"540,47"
02/03/2022,"552,49"
03/03/2022,554
04/03/2022,"569,81"
07/03/2022,"578,73"
08/03/2022,"586,75"
09/03/2022,"568,1"
10/03/2022,"585,53"
11/03/2022,"580,55"
14/03/2022,"563,77"
15/03/2022,"542,77"
16/03/2022,"540,44"
17/03/2022,"559,27"
18/03/2022,"559,78"
21/03/2022,581
22/03/2022,"577,16"
23/03/2022,"587,2"
24/03/2022,"587,95"
25/03/2022,"601,34"
28/03/2022,"585,92"
29/03/2022,"583,32"
30/03/2022,"590,15"
31/03/2022,"581,93"
01/04/2022,"586,89"
04/04/2022,"587,29"
05/04/2022,"578,43"
06/04/2022,"581,57"
07/04/2022,"589,46"
08/04/2022,"605,71"
11/04/2022,"586,88"
12/04/2022,597
13/04/2022,"605,12"
14/04/2022,"607,63"
18/04/2022,"616,8"
19/04/2022,"610,86"
20/04/2022,"613,39"
21/04/2022,"594,35"
22/04/2022,"579,9"
25/04/2022,"560,53"
26/04/2022,"560,78"
27/04/2022,"569,08"
28/04/2022,"586,92"
29/04/2022,"572,41"
02/05/2022,"580,24"
03/05/2022,"596,87"
04/05/2022,"621,43"
05/05/2022,"612,77"
06/05/2022,"630,62"
09/05/2022,"578,26"
10/05/2022,"583,66"
11/05/2022,"591,63"
12/05/2022,"592,21"
13/05/2022,"612,25"
16/05/2022,"628,31"
17/05/2022,"635,5"
18/05/2022,"618,02"
19/05/2022,"616,28"
20/05/2022,"618,93"
23/05/2022,"635,51"
24/05/2022,"638,09"
25/05/2022,"650,62"
26/05/2022,"658,06"
27/05/2022,"669,03"
31/05/2022,658
01/06/2022,"669,6"
02/06/2022,"667,6"
03/06/2022,"676,93"
06/06/2022,"676,16"
07/06/2022,"697,38"
08/06/2022,"698,43"
09/06/2022,"682,35"
10/06/2022,"670,72"
13/06/2022,"636,32"
14/06/2022,"636,74"
15/06/2022,"623,21"
16/06/2022,"588,41"
17/06/2022,"555,65"
21/06/2022,"584,19"
22/06/2022,"559,71"
23/06/2022,"538,75"
24/06/2022,"547,02"
27/06/2022,"562,24"
28/06/2022,"577,42"
29/06/2022,"557,6"
30/06/2022,"546,24"
01/07/2022,"554,1"
05/07/2022,"531,86"
06/07/2022,"522,6"
07/07/2022,"540,94"
08/07/2022,"540,87"
11/07/2022,"536,07"
12/07/2022,"525,18"
13/07/2022,"524,46"
14/07/2022,"514,5"
15/07/2022,"524,27"
18/07/2022,"534,56"
19/07/2022,"551,46"
20/07/2022,"557,06"
21/07/2022,"547,63"
22/07/2022,"542,8"
25/07/2022,"562,96"
26/07/2022,"558,02"
27/07/2022,"570,32"
28/07/2022,"572,88"
29/07/2022,"598,74"
01/08/2022,"585,67"
02/08/2022,"584,46"
03/08/2022,"567,12"
04/08/2022,"546,73"
05/08/2022,"557,88"
08/08/2022,"560,62"
09/08/2022,"570,57"
10/08/2022,"574,62"
11/08/2022,"592,94"
12/08/2022,"597,7"
15/08/2022,"585,86"
16/08/2022,"583,87"
17/08/2022,"588,58"
18/08/2022,"603,46"
19/08/2022,"603,6"
22/08/2022,"602,1"
23/08/2022,"623,9"
24/08/2022,"631,38"
25/08/2022,"636,19"
26/08/2022,"629,38"
29/08/2022,"639,1"
30/08/2022,"617,6"
31/08/2022,"611,8"
01/09/2022,"597,72"
02/09/2022,"608,54"
06/09/2022,"601,95"
07/09/2022,595
08/09/2022,"597,95"
09/09/2022,"612,19"
12/09/2022,"623,3"
13/09/2022,"608,02"
14/09/2022,"625,34"
15/09/2022,"609,47"
16/09/2022,"596,27"
19/09/2022,"596,73"
20/09/2022,"592,89"
21/09/2022,"584,21"
22/09/2022,"581,88"
23/09/2022,"542,61"
26/09/2022,"528,64"
27/09/2022,"534,79"
28/09/2022,"558,34"
29/09/2022,"557,6"
30/09/2022,"552,56"
03/10/2022,"584,45"
04/10/2022,"609,84"
05/10/2022,"622,39"
06/10/2022,"633,72"
07/10/2022,"629,14"
10/10/2022,"616,18"
11/10/2022,"611,54"
12/10/2022,"616,12"
13/10/2022,"641,24"
14/10/2022,"617,48"
17/10/2022,"625,03"
18/10/2022,"629,74"
19/10/2022,"648,23"
20/10/2022,"649,41"
21/10/2022,"667,35"
24/10/2022,"670,52"
25/10/2022,"670,22"
26/10/2022,"679,34"
27/10/2022,"681,19"
28/10/2022,"685,71"
31/10/2022,"689,83"
01/11/2022,"696,69"
02/11/2022,"681,01"
03/11/2022,"694,92"
04/11/2022,"701,99"
07/11/2022,"714,13"
08/11/2022,"714,51"
09/11/2022,"679,63"
10/11/2022,"694,74"
11/11/2022,"716,02"
14/11/2022,"712,28"
15/11/2022,"720,16"
16/11/2022,"704,68"
17/11/2022,"705,52"
18/11/2022,"699,19"
21/11/2022,"689,46"
22/11/2022,"711,39"
23/11/2022,"703,13"
25/11/2022,701
28/11/2022,"681,81"
29/11/2022,"690,53"
30/11/2022,"694,3"
01/12/2022,"691,37"
02/12/2022,"687,2"
05/12/2022,"667,01"
06/12/2022,"649,35"
07/12/2022,"647,47"
08/12/2022,"644,46"
09/12/2022,"629,47"
12/12/2022,"645,12"
13/12/2022,"656,54"
14/12/2022,"652,33"
15/12/2022,"648,88"
16/12/2022,"640,28"
19/12/2022,"641,14"
20/12/2022,"650,86"
21/12/2022,"663,17"
22/12/2022,"647,84"
23/12/2022,"668,33"
27/12/2022,"675,96"
28/12/2022,"660,95"
29/12/2022,"667,27"
30/12/2022,"672,34"
03/01/2023,"647,97"
04/01/2023,"648,34"
05/01/2023,"661,25"
06/01/2023,"672,35"
09/01/2023,"669,19"
10/01/2023,"674,21"
11/01/2023,"676,61"
12/01/2023,"689,26"
13/01/2023,"690,21"
17/01/2023,"691,07"
18/01/2023,"678,87"
19/01/2023,"686,38"
20/01/2023,"695,32"
23/01/2023,"693,91"
24/01/2023,"692,41"
25/01/2023,"691,78"
26/01/2023,"714,77"
27/01/2023,"700,58"
30/01/2023,"684,53"
31/01/2023,"690,59"
01/02/2023,"677,53"
02/02/2023,"660,47"
03/02/2023,"658,95"
06/02/2023,"656,34"
07/02/2023,"676,54"
08/02/2023,"670,76"
09/02/2023,"665,97"
10/02/2023,"692,1"
13/02/2023,"687,91"
14/02/2023,"687,78"
15/02/2023,"675,54"
16/02/2023,"668,58"
17/02/2023,"644,2"
21/02/2023,"642,23"
22/02/2023,"637,29"
23/02/2023,"645,39"
24/02/2023,"645,32"
27/02/2023,"647,35"
28/02/2023,"638,01"
01/03/2023,"650,37"
02/03/2023,"655,85"
03/03/2023,"664,3"
06/03/2023,"664,95"
07/03/2023,"653,32"
08/03/2023,"646,63"
09/03/2023,"637,81"
10/03/2023,"628,78"
13/03/2023,"616,47"
14/03/2023,"621,92"
15/03/2023,"588,2"
16/03/2023,"593,72"
17/03/2023,"584,64"
20/03/2023,"596,98"
21/03/2023,"617,6"
22/03/2023,"604,56"
23/03/2023,"596,32"
