Fecha,Financials
23/03/2018,"445,64"
26/03/2018,"460,1"
27/03/2018,"450,99"
28/03/2018,"451,72"
29/03/2018,"457,53"
02/04/2018,"447,8"
03/04/2018,454
04/04/2018,"459,01"
05/04/2018,"462,18"
06/04/2018,"450,91"
09/04/2018,"453,19"
10/04/2018,"460,25"
11/04/2018,"454,47"
12/04/2018,"462,76"
13/04/2018,"455,57"
16/04/2018,"457,72"
17/04/2018,"457,38"
18/04/2018,"455,69"
19/04/2018,"462,64"
20/04/2018,"462,86"
23/04/2018,"462,36"
24/04/2018,"459,21"
25/04/2018,"458,92"
26/04/2018,"459,1"
27/04/2018,"459,78"
30/04/2018,"455,35"
01/05/2018,"455,74"
02/05/2018,"450,3"
03/05/2018,"446,46"
04/05/2018,"452,01"
07/05/2018,"455,09"
08/05/2018,"458,15"
09/05/2018,"465,01"
10/05/2018,"468,64"
11/05/2018,"468,28"
14/05/2018,468
15/05/2018,"467,26"
16/05/2018,"467,72"
17/05/2018,"467,35"
18/05/2018,"463,09"
21/05/2018,"466,52"
22/05/2018,"469,29"
23/05/2018,"466,48"
24/05/2018,"463,17"
25/05/2018,"461,21"
29/05/2018,"445,67"
30/05/2018,"454,32"
31/05/2018,"450,24"
01/06/2018,"455,23"
04/06/2018,"456,53"
05/06/2018,"454,6"
06/06/2018,"462,98"
07/06/2018,"463,97"
08/06/2018,"465,17"
11/06/2018,"463,87"
12/06/2018,"462,33"
13/06/2018,"460,8"
14/06/2018,"456,5"
15/06/2018,"456,35"
18/06/2018,"456,02"
19/06/2018,"454,49"
20/06/2018,"453,08"
21/06/2018,"452,23"
22/06/2018,"449,85"
25/06/2018,"445,2"
26/06/2018,"443,56"
27/06/2018,"437,95"
28/06/2018,"441,71"
29/06/2018,"441,15"
02/07/2018,"444,07"
03/07/2018,"439,39"
05/07/2018,"440,41"
06/07/2018,"442,61"
09/07/2018,"452,89"
10/07/2018,"451,21"
11/07/2018,"448,87"
12/07/2018,"449,73"
13/07/2018,"447,65"
16/07/2018,"455,69"
17/07/2018,"456,39"
18/07/2018,"463,37"
19/07/2018,"456,69"
20/07/2018,"457,59"
23/07/2018,"463,64"
24/07/2018,"465,17"
25/07/2018,"466,36"
26/07/2018,"465,79"
27/07/2018,"466,93"
30/07/2018,"467,04"
31/07/2018,"463,85"
01/08/2018,"463,83"
02/08/2018,"464,02"
03/08/2018,"466,49"
06/08/2018,"468,48"
07/08/2018,"470,75"
08/08/2018,"471,96"
09/08/2018,"469,3"
10/08/2018,"463,85"
13/08/2018,"459,14"
14/08/2018,"463,08"
15/08/2018,"459,95"
16/08/2018,"465,69"
17/08/2018,"466,68"
20/08/2018,"468,32"
21/08/2018,"470,06"
22/08/2018,"468,82"
23/08/2018,"466,41"
24/08/2018,"467,79"
27/08/2018,"474,04"
28/08/2018,"473,55"
29/08/2018,"473,44"
30/08/2018,"469,72"
31/08/2018,"469,32"
04/09/2018,"471,81"
05/09/2018,"471,96"
06/09/2018,"469,17"
07/09/2018,"468,63"
10/09/2018,"468,26"
11/09/2018,"468,8"
12/09/2018,"464,61"
13/09/2018,"463,92"
14/09/2018,"466,98"
17/09/2018,"465,32"
18/09/2018,"467,25"
19/09/2018,"475,47"
20/09/2018,"479,29"
21/09/2018,"477,54"
24/09/2018,"472,47"
25/09/2018,"470,66"
26/09/2018,"464,66"
27/09/2018,"463,09"
28/09/2018,"458,18"
01/10/2018,"459,77"
02/10/2018,"459,98"
03/10/2018,"463,73"
04/10/2018,"467,01"
05/10/2018,"465,07"
08/10/2018,"467,76"
09/10/2018,"466,15"
10/10/2018,"451,98"
11/10/2018,"438,73"
12/10/2018,"439,16"
15/10/2018,"436,93"
16/10/2018,"443,91"
17/10/2018,"447,95"
18/10/2018,"440,99"
19/10/2018,"442,52"
22/10/2018,"433,41"
23/10/2018,"429,82"
24/10/2018,"418,25"
25/10/2018,"425,1"
26/10/2018,"419,35"
29/10/2018,"422,94"
30/10/2018,"429,71"
31/10/2018,"435,85"
01/11/2018,"437,83"
02/11/2018,"437,89"
05/11/2018,"444,04"
06/11/2018,"446,26"
07/11/2018,"452,25"
08/11/2018,"453,69"
09/11/2018,"449,32"
12/11/2018,"440,36"
13/11/2018,"442,96"
14/11/2018,"436,87"
15/11/2018,"443,17"
16/11/2018,"443,61"
19/11/2018,"443,46"
20/11/2018,"434,19"
21/11/2018,"434,47"
23/11/2018,"430,5"
26/11/2018,"439,53"
27/11/2018,"439,83"
28/11/2018,"447,82"
29/11/2018,"444,15"
30/11/2018,"447,08"
03/12/2018,"449,2"
04/12/2018,"429,42"
06/12/2018,"423,23"
07/12/2018,"415,43"
10/12/2018,"409,63"
11/12/2018,"405,46"
12/12/2018,"407,26"
13/12/2018,"404,86"
14/12/2018,"400,72"
17/12/2018,"396,81"
18/12/2018,"394,9"
19/12/2018,390
20/12/2018,"386,97"
21/12/2018,"379,4"
24/12/2018,"370,49"
26/12/2018,"387,71"
27/12/2018,392
28/12/2018,"392,06"
31/12/2018,"395,9"
02/01/2019,"398,82"
03/01/2019,"389,74"
04/01/2019,"402,54"
07/01/2019,"403,47"
08/01/2019,"403,47"
09/01/2019,"405,55"
10/01/2019,"406,03"
11/01/2019,"406,73"
14/01/2019,"409,68"
15/01/2019,"412,99"
16/01/2019,"422,09"
17/01/2019,"424,38"
18/01/2019,"431,64"
22/01/2019,"426,95"
23/01/2019,"427,1"
24/01/2019,"427,97"
25/01/2019,"431,63"
28/01/2019,"430,48"
29/01/2019,"429,2"
30/01/2019,"431,06"
31/01/2019,"429,9"
01/02/2019,"432,1"
04/02/2019,"433,72"
05/02/2019,"433,1"
06/02/2019,"431,92"
07/02/2019,"427,88"
08/02/2019,"425,53"
11/02/2019,"426,6"
12/02/2019,"433,26"
13/02/2019,"434,12"
14/02/2019,"429,09"
15/02/2019,"437,75"
19/02/2019,"438,59"
20/02/2019,"441,13"
21/02/2019,"439,16"
22/02/2019,"438,13"
25/02/2019,"439,97"
26/02/2019,"438,93"
27/02/2019,"440,49"
28/02/2019,"439,26"
01/03/2019,"441,64"
04/03/2019,"438,91"
05/03/2019,"437,48"
06/03/2019,"434,36"
07/03/2019,"429,74"
08/03/2019,"429,74"
11/03/2019,"433,99"
12/03/2019,"434,77"
13/03/2019,"437,94"
14/03/2019,"439,74"
15/03/2019,"442,54"
18/03/2019,"447,08"
19/03/2019,"443,66"
20/03/2019,"434,4"
21/03/2019,"433,09"
22/03/2019,"421,09"
25/03/2019,"419,44"
26/03/2019,"424,19"
27/03/2019,"422,33"
28/03/2019,"425,83"
29/03/2019,"427,19"
01/04/2019,"437,53"
02/04/2019,"437,48"
03/04/2019,"438,87"
04/04/2019,"441,01"
05/04/2019,"441,4"
08/04/2019,"442,06"
09/04/2019,"438,18"
10/04/2019,"439,65"
11/04/2019,"442,11"
12/04/2019,"450,63"
15/04/2019,"447,81"
16/04/2019,"453,93"
17/04/2019,"454,76"
18/04/2019,"453,66"
22/04/2019,"452,49"
23/04/2019,"455,13"
24/04/2019,"454,49"
25/04/2019,"455,67"
26/04/2019,"459,96"
29/04/2019,"464,22"
30/04/2019,"464,95"
01/05/2019,"460,97"
02/05/2019,"461,7"
03/05/2019,"465,52"
06/05/2019,"462,42"
07/05/2019,"454,6"
08/05/2019,"453,3"
09/05/2019,"452,67"
10/05/2019,"455,03"
13/05/2019,"441,95"
14/05/2019,"445,47"
15/05/2019,"443,33"
16/05/2019,"448,19"
17/05/2019,"445,52"
20/05/2019,"446,13"
21/05/2019,"449,95"
22/05/2019,"447,7"
23/05/2019,"441,03"
24/05/2019,"444,42"
28/05/2019,"439,55"
29/05/2019,"439,07"
30/05/2019,"437,11"
31/05/2019,"430,65"
03/06/2019,"433,6"
04/06/2019,"445,34"
05/06/2019,"447,87"
06/06/2019,"449,52"
07/06/2019,"448,64"
10/06/2019,"452,62"
11/06/2019,"452,63"
12/06/2019,"448,34"
13/06/2019,"449,39"
14/06/2019,"450,55"
17/06/2019,"446,34"
18/06/2019,"452,2"
19/06/2019,"451,26"
20/06/2019,"453,5"
21/06/2019,"452,28"
24/06/2019,"450,77"
25/06/2019,"449,17"
26/06/2019,"448,44"
27/06/2019,"452,57"
28/06/2019,"458,92"
01/07/2019,"464,14"
02/07/2019,"463,29"
03/07/2019,"466,05"
05/07/2019,"467,83"
08/07/2019,"464,87"
09/07/2019,"466,49"
10/07/2019,"464,34"
11/07/2019,"467,11"
12/07/2019,"469,97"
15/07/2019,"467,48"
16/07/2019,"466,27"
17/07/2019,"462,15"
18/07/2019,"465,94"
19/07/2019,"463,68"
22/07/2019,"464,65"
23/07/2019,"469,93"
24/07/2019,"474,23"
25/07/2019,"471,42"
26/07/2019,"476,09"
29/07/2019,"472,36"
30/07/2019,"471,49"
31/07/2019,"469,45"
01/08/2019,"458,55"
02/08/2019,"457,56"
05/08/2019,"442,67"
06/08/2019,"449,34"
07/08/2019,"443,89"
08/08/2019,"451,27"
09/08/2019,"449,93"
12/08/2019,"441,49"
13/08/2019,"446,72"
14/08/2019,"430,82"
15/08/2019,"432,16"
16/08/2019,"440,19"
19/08/2019,"444,53"
20/08/2019,"438,32"
21/08/2019,"440,32"
22/08/2019,"443,07"
23/08/2019,"431,84"
26/08/2019,"436,5"
27/08/2019,"433,46"
28/08/2019,"437,42"
29/08/2019,"443,89"
30/08/2019,"445,65"
03/09/2019,"440,72"
04/09/2019,"445,49"
05/09/2019,"453,94"
06/09/2019,"454,01"
09/09/2019,"460,99"
10/09/2019,"462,85"
11/09/2019,"465,6"
12/09/2019,"467,76"
13/09/2019,"471,68"
16/09/2019,"469,39"
17/09/2019,"469,84"
18/09/2019,"471,88"
19/09/2019,"469,98"
20/09/2019,"466,96"
23/09/2019,"467,76"
24/09/2019,"463,36"
25/09/2019,"466,75"
26/09/2019,"464,93"
27/09/2019,"466,03"
30/09/2019,"465,54"
01/10/2019,"455,86"
02/10/2019,"446,3"
03/10/2019,"447,03"
04/10/2019,"455,67"
07/10/2019,"453,65"
08/10/2019,"444,47"
09/10/2019,"448,9"
10/10/2019,"453,5"
11/10/2019,"459,31"
14/10/2019,"459,86"
15/10/2019,"465,98"
16/10/2019,"464,84"
17/10/2019,"465,37"
18/10/2019,"466,45"
21/10/2019,"473,09"
22/10/2019,"471,76"
23/10/2019,"473,45"
24/10/2019,"473,26"
25/10/2019,"475,59"
28/10/2019,"477,97"
29/10/2019,"479,31"
30/10/2019,"478,62"
31/10/2019,"475,99"
01/11/2019,"482,76"
04/11/2019,"487,06"
05/11/2019,"489,12"
06/11/2019,"491,13"
07/11/2019,"494,41"
08/11/2019,"494,49"
11/11/2019,"493,2"
12/11/2019,"493,38"
13/11/2019,"490,55"
14/11/2019,"490,99"
15/11/2019,"493,22"
18/11/2019,"493,95"
19/11/2019,"494,73"
20/11/2019,"492,26"
21/11/2019,"491,78"
22/11/2019,"495,51"
25/11/2019,"498,74"
26/11/2019,"498,15"
27/11/2019,"500,03"
29/11/2019,"498,96"
02/12/2019,"495,74"
03/12/2019,"489,21"
04/12/2019,"494,04"
05/12/2019,"495,88"
06/12/2019,"502,58"
09/12/2019,"501,07"
10/12/2019,"501,06"
11/12/2019,"500,03"
12/12/2019,"510,03"
13/12/2019,"507,63"
16/12/2019,"509,67"
17/12/2019,"512,16"
18/12/2019,"509,73"
19/12/2019,"509,88"
20/12/2019,"510,17"
23/12/2019,"509,28"
24/12/2019,"509,79"
26/12/2019,"512,59"
27/12/2019,"511,89"
30/12/2019,"509,9"
31/12/2019,"511,39"
02/01/2020,"516,21"
03/01/2020,"510,52"
06/01/2020,"510,23"
07/01/2020,"506,82"
08/01/2020,"509,56"
09/01/2020,"513,48"
10/01/2020,"509,47"
13/01/2020,"513,18"
14/01/2020,"511,95"
15/01/2020,"509,14"
16/01/2020,"513,07"
17/01/2020,"515,28"
21/01/2020,"510,83"
22/01/2020,"512,19"
23/01/2020,"510,99"
24/01/2020,"504,03"
27/01/2020,"496,28"
28/01/2020,"501,89"
29/01/2020,"501,09"
30/01/2020,"507,35"
31/01/2020,"497,1"
03/02/2020,"500,06"
04/02/2020,"505,25"
05/02/2020,"515,2"
06/02/2020,"514,33"
07/02/2020,"512,49"
10/02/2020,"513,56"
11/02/2020,"515,63"
12/02/2020,"516,01"
13/02/2020,"515,78"
14/02/2020,"516,18"
18/02/2020,"511,6"
19/02/2020,"515,37"
20/02/2020,"514,7"
21/02/2020,"509,7"
24/02/2020,"493,01"
25/02/2020,"476,22"
26/02/2020,"473,01"
27/02/2020,"452,33"
28/02/2020,"440,7"
02/03/2020,"462,16"
03/03/2020,"444,92"
04/03/2020,"459,55"
05/03/2020,"437,12"
06/03/2020,"422,74"
09/03/2020,"376,6"
10/03/2020,"399,35"
11/03/2020,"377,3"
12/03/2020,"336,66"
13/03/2020,"381,2"
16/03/2020,"327,87"
17/03/2020,"346,78"
18/03/2020,"316,1"
19/03/2020,"323,22"
20/03/2020,"312,65"
23/03/2020,"293,55"
24/03/2020,"330,99"
25/03/2020,"339,78"
26/03/2020,"361,62"
27/03/2020,"349,66"
30/03/2020,"356,7"
31/03/2020,"346,02"
01/04/2020,"325,37"
02/04/2020,"333,4"
03/04/2020,"325,95"
06/04/2020,"350,26"
07/04/2020,"353,56"
08/04/2020,"369,12"
09/04/2020,"388,28"
13/04/2020,"374,38"
14/04/2020,"375,62"
15/04/2020,"359,22"
16/04/2020,"352,99"
17/04/2020,"372,64"
20/04/2020,"365,35"
21/04/2020,"353,65"
22/04/2020,"357,5"
23/04/2020,"355,96"
24/04/2020,"360,99"
27/04/2020,"374,02"
28/04/2020,"377,42"
29/04/2020,"388,77"
30/04/2020,"378,34"
01/05/2020,"365,79"
04/05/2020,"362,44"
05/05/2020,"362,19"
06/05/2020,"353,83"
07/05/2020,"361,68"
08/05/2020,"369,6"
11/05/2020,"362,42"
12/05/2020,"352,74"
13/05/2020,"342,14"
14/05/2020,"351,18"
15/05/2020,"348,6"
18/05/2020,"367,15"
19/05/2020,"357,89"
20/05/2020,"365,83"
21/05/2020,"364,54"
22/05/2020,"363,6"
26/05/2020,"381,92"
27/05/2020,"398,5"
28/05/2020,"392,28"
29/05/2020,"387,52"
01/06/2020,"392,01"
02/06/2020,"395,23"
03/06/2020,"410,36"
04/06/2020,"418,46"
05/06/2020,"434,64"
08/06/2020,"442,27"
09/06/2020,"432,93"
10/06/2020,"416,7"
11/06/2020,"382,62"
12/06/2020,"394,14"
15/06/2020,"399,56"
16/06/2020,"405,29"
17/06/2020,"399,73"
18/06/2020,"399,37"
19/06/2020,"396,68"
22/06/2020,"394,78"
23/06/2020,"396,43"
24/06/2020,"382,51"
25/06/2020,"392,86"
26/06/2020,"375,84"
29/06/2020,"379,56"
30/06/2020,"385,49"
01/07/2020,"381,5"
02/07/2020,"381,75"
06/07/2020,"389,19"
07/07/2020,"381,12"
08/07/2020,"385,14"
09/07/2020,"376,87"
10/07/2020,"389,97"
13/07/2020,"391,22"
14/07/2020,"393,95"
15/07/2020,"401,47"
16/07/2020,"401,26"
17/07/2020,"397,87"
20/07/2020,"396,4"
21/07/2020,"403,96"
22/07/2020,"403,61"
23/07/2020,"404,33"
24/07/2020,"402,85"
27/07/2020,"399,58"
28/07/2020,"398,45"
29/07/2020,"406,48"
30/07/2020,"399,02"
31/07/2020,"399,06"
03/08/2020,"399,83"
04/08/2020,"398,07"
05/08/2020,"403,89"
06/08/2020,"403,29"
07/08/2020,"412,08"
10/08/2020,"414,73"
11/08/2020,"420,12"
12/08/2020,"418,9"
13/08/2020,"416,33"
14/08/2020,"417,39"
17/08/2020,"410,98"
18/08/2020,"408,22"
19/08/2020,"407,91"
20/08/2020,"404,26"
21/08/2020,"403,18"
24/08/2020,"412,53"
25/08/2020,"413,65"
26/08/2020,"411,67"
27/08/2020,"418,84"
28/08/2020,"420,73"
31/08/2020,"415,53"
01/09/2020,"416,43"
02/09/2020,"422,68"
03/09/2020,"415,99"
04/09/2020,"419,21"
08/09/2020,"408,34"
09/09/2020,"412,07"
10/09/2020,"406,25"
11/09/2020,"409,33"
14/09/2020,"414,7"
15/09/2020,"409,04"
16/09/2020,"413,56"
17/09/2020,"409,42"
18/09/2020,"408,43"
21/09/2020,"398,24"
22/09/2020,"394,88"
23/09/2020,"386,22"
24/09/2020,"386,97"
25/09/2020,"391,1"
28/09/2020,"399,97"
29/09/2020,"395,37"
30/09/2020,"400,28"
01/10/2020,"401,18"
02/10/2020,404
05/10/2020,"410,41"
06/10/2020,"406,16"
07/10/2020,"413,23"
08/10/2020,"418,84"
09/10/2020,"419,12"
12/10/2020,"423,89"
13/10/2020,"415,99"
14/10/2020,"411,55"
15/10/2020,"414,87"
16/10/2020,"415,21"
19/10/2020,"408,67"
20/10/2020,"412,01"
21/10/2020,"410,28"
22/10/2020,"417,99"
23/10/2020,"419,47"
26/10/2020,"410,1"
27/10/2020,"402,27"
28/10/2020,"392,34"
29/10/2020,"395,01"
30/10/2020,"396,09"
02/11/2020,"403,78"
03/11/2020,"412,65"
04/11/2020,"407,42"
05/11/2020,"417,44"
06/11/2020,"414,07"
09/11/2020,"447,89"
10/11/2020,"451,14"
11/11/2020,"448,89"
12/11/2020,"441,35"
13/11/2020,"448,35"
16/11/2020,"458,56"
17/11/2020,"457,62"
18/11/2020,"453,45"
19/11/2020,"454,78"
20/11/2020,"450,77"
23/11/2020,"459,26"
24/11/2020,"475,46"
25/11/2020,"473,5"
27/11/2020,"471,52"
30/11/2020,"462,45"
01/12/2020,"469,71"
02/12/2020,"474,66"
03/12/2020,"474,69"
04/12/2020,"480,05"
07/12/2020,"476,67"
08/12/2020,"476,39"
09/12/2020,"475,41"
10/12/2020,"476,18"
11/12/2020,"471,58"
14/12/2020,"465,81"
15/12/2020,"473,62"
16/12/2020,"474,19"
17/12/2020,"475,85"
18/12/2020,"472,13"
21/12/2020,"477,98"
22/12/2020,"473,37"
23/12/2020,"480,95"
24/12/2020,"481,31"
28/12/2020,"483,77"
29/12/2020,"482,11"
30/12/2020,"484,02"
31/12/2020,"490,43"
04/01/2021,"483,8"
05/01/2021,"485,6"
06/01/2021,"506,78"
07/01/2021,"514,23"
08/01/2021,"513,24"
11/01/2021,"515,43"
12/01/2021,"520,91"
13/01/2021,"520,14"
14/01/2021,"522,77"
15/01/2021,"513,38"
19/01/2021,"515,6"
20/01/2021,"513,19"
21/01/2021,"507,78"
22/01/2021,"504,11"
25/01/2021,"500,26"
26/01/2021,"496,25"
27/01/2021,"481,67"
28/01/2021,"490,9"
29/01/2021,"480,98"
01/02/2021,"486,35"
02/02/2021,"498,3"
03/02/2021,"500,85"
04/02/2021,"512,25"
05/02/2021,"512,69"
08/02/2021,"518,95"
09/02/2021,"519,49"
10/02/2021,"519,17"
11/02/2021,"518,02"
12/02/2021,"522,92"
16/02/2021,"532,19"
17/02/2021,"534,08"
18/02/2021,"531,43"
19/02/2021,"537,59"
22/02/2021,"542,84"
23/02/2021,"545,54"
24/02/2021,"556,51"
25/02/2021,"546,42"
26/02/2021,"535,64"
01/03/2021,"552,37"
02/03/2021,"550,72"
03/03/2021,"554,87"
04/03/2021,"548,17"
05/03/2021,"558,63"
08/03/2021,"565,84"
09/03/2021,561
10/03/2021,"571,75"
11/03/2021,"570,15"
12/03/2021,"576,35"
15/03/2021,"573,09"
16/03/2021,"566,63"
17/03/2021,"570,31"
18/03/2021,"573,52"
19/03/2021,"566,65"
22/03/2021,"559,29"
23/03/2021,"551,41"
24/03/2021,"553,81"
25/03/2021,"562,53"
26/03/2021,"572,1"
29/03/2021,"566,8"
30/03/2021,"570,85"
31/03/2021,"565,72"
01/04/2021,"572,97"
05/04/2021,"577,22"
06/04/2021,"576,59"
07/04/2021,"578,95"
08/04/2021,"578,91"
09/04/2021,"583,88"
12/04/2021,"586,42"
13/04/2021,"581,01"
14/04/2021,"584,87"
15/04/2021,"584,25"
16/04/2021,"588,09"
19/04/2021,"586,42"
20/04/2021,"575,78"
21/04/2021,"583,77"
22/04/2021,"577,31"
23/04/2021,"587,97"
26/04/2021,"589,93"
27/04/2021,"595,27"
28/04/2021,"596,94"
29/04/2021,"607,79"
30/04/2021,"601,98"
03/05/2021,"605,19"
04/05/2021,"609,4"
05/05/2021,"615,12"
06/05/2021,"623,92"
07/05/2021,"627,29"
10/05/2021,"626,55"
11/05/2021,"616,09"
12/05/2021,"608,11"
13/05/2021,"619,5"
14/05/2021,"629,04"
17/05/2021,"629,87"
18/05/2021,"621,39"
19/05/2021,"617,45"
20/05/2021,"618,02"
21/05/2021,"623,58"
24/05/2021,"626,48"
25/05/2021,"620,46"
26/05/2021,"622,53"
27/05/2021,"629,92"
28/05/2021,"630,13"
01/06/2021,"634,27"
02/06/2021,"635,04"
03/06/2021,"636,58"
04/06/2021,"637,75"
07/06/2021,"633,74"
08/06/2021,"632,49"
09/06/2021,"625,81"
10/06/2021,"618,8"
11/06/2021,"622,55"
14/06/2021,"616,14"
15/06/2021,"617,55"
16/06/2021,"616,68"
17/06/2021,"598,57"
18/06/2021,"583,92"
21/06/2021,"597,63"
22/06/2021,"598,25"
23/06/2021,"599,89"
24/06/2021,"607,15"
25/06/2021,"614,75"
28/06/2021,"609,78"
29/06/2021,"607,77"
30/06/2021,"610,6"
01/07/2021,"615,32"
02/07/2021,"614,07"
06/07/2021,"604,53"
07/07/2021,"605,06"
08/07/2021,"593,17"
09/07/2021,"610,19"
12/07/2021,"616,06"
13/07/2021,"609,5"
14/07/2021,"606,49"
15/07/2021,"608,77"
16/07/2021,"600,62"
19/07/2021,"583,81"
20/07/2021,"597,93"
21/07/2021,"608,14"
22/07/2021,"601,84"
23/07/2021,"602,61"
26/07/2021,"605,89"
27/07/2021,"606,18"
28/07/2021,"604,91"
29/07/2021,"611,36"
30/07/2021,"606,9"
02/08/2021,"606,39"
03/08/2021,"613,24"
04/08/2021,"608,59"
05/08/2021,"616,13"
06/08/2021,"628,53"
09/08/2021,"630,43"
10/08/2021,"636,79"
11/08/2021,"644,21"
12/08/2021,"645,03"
13/08/2021,"640,34"
16/08/2021,"639,24"
17/08/2021,"633,85"
18/08/2021,"626,5"
19/08/2021,"621,73"
20/08/2021,"625,58"
23/08/2021,"630,48"
24/08/2021,"634,7"
25/08/2021,"642,38"
26/08/2021,"638,94"
27/08/2021,"647,31"
30/08/2021,"637,82"
31/08/2021,"637,26"
01/09/2021,"633,34"
02/09/2021,"635,14"
03/09/2021,"631,43"
07/09/2021,"627,85"
08/09/2021,"625,74"
09/09/2021,"627,29"
10/09/2021,"623,21"
13/09/2021,"630,3"
14/09/2021,"621,41"
15/09/2021,"627,2"
16/09/2021,"625,7"
17/09/2021,"622,64"
20/09/2021,"608,81"
21/09/2021,"607,93"
22/09/2021,"617,55"
23/09/2021,"632,96"
24/09/2021,"636,42"
27/09/2021,"644,76"
28/09/2021,"634,55"
29/09/2021,"634,9"
30/09/2021,"624,6"
01/10/2021,"634,54"
04/10/2021,"629,86"
05/10/2021,"641,04"
06/10/2021,"642,04"
07/10/2021,"645,8"
08/10/2021,"648,89"
11/10/2021,"642,33"
12/10/2021,"640,35"
13/10/2021,"636,25"
14/10/2021,"647,11"
15/10/2021,"656,87"
18/10/2021,"656,92"
19/10/2021,"663,42"
20/10/2021,"668,71"
21/10/2021,"666,34"
22/10/2021,"675,17"
25/10/2021,"674,12"
26/10/2021,"675,21"
27/10/2021,"663,78"
28/10/2021,672
29/10/2021,"669,09"
01/11/2021,"669,66"
02/11/2021,"670,78"
03/11/2021,"673,43"
04/11/2021,"664,4"
05/11/2021,"664,86"
08/11/2021,"668,31"
09/11/2021,"664,66"
10/11/2021,"663,33"
11/11/2021,"665,39"
12/11/2021,"666,61"
15/11/2021,"666,75"
16/11/2021,"665,64"
17/11/2021,"658,25"
18/11/2021,"655,11"
19/11/2021,"647,83"
22/11/2021,"657,08"
23/11/2021,"667,25"
24/11/2021,"665,73"
26/11/2021,"643,93"
29/11/2021,"645,94"
30/11/2021,"630,37"
01/12/2021,"623,42"
02/12/2021,"641,08"
03/12/2021,"631,2"
06/12/2021,"640,08"
07/12/2021,"651,61"
08/12/2021,"648,64"
09/12/2021,"646,94"
10/12/2021,"647,84"
13/12/2021,"640,4"
14/12/2021,"644,4"
15/12/2021,"646,42"
16/12/2021,"654,23"
17/12/2021,"639,39"
20/12/2021,"627,21"
21/12/2021,"639,84"
22/12/2021,"642,97"
23/12/2021,"646,5"
27/12/2021,"652,7"
28/12/2021,"653,01"
29/12/2021,"652,58"
30/12/2021,"650,89"
31/12/2021,"650,04"
03/01/2022,"658,13"
04/01/2022,"675,26"
05/01/2022,"666,83"
06/01/2022,"677,14"
07/01/2022,"684,91"
10/01/2022,"682,86"
11/01/2022,"688,57"
12/01/2022,"688,85"
13/01/2022,"686,03"
14/01/2022,"679,12"
18/01/2022,"663,53"
19/01/2022,"652,56"
20/01/2022,"648,48"
21/01/2022,"635,39"
24/01/2022,"636,91"
25/01/2022,"639,89"
26/01/2022,"641,59"
27/01/2022,"635,68"
28/01/2022,"643,77"
31/01/2022,"649,52"
01/02/2022,"658,84"
02/02/2022,"663,18"
03/02/2022,"655,53"
04/02/2022,"666,38"
07/02/2022,"668,58"
08/02/2022,"677,83"
09/02/2022,"681,84"
10/02/2022,"676,07"
11/02/2022,"666,25"
14/02/2022,"658,84"
15/02/2022,"667,88"
16/02/2022,"667,89"
17/02/2022,"651,79"
18/02/2022,"651,02"
22/02/2022,"648,3"
23/02/2022,"636,81"
24/02/2022,"629,38"
25/02/2022,"649,25"
28/02/2022,"639,85"
01/03/2022,"616,13"
02/03/2022,"631,87"
03/03/2022,"629,98"
04/03/2022,"617,65"
07/03/2022,"595,06"
08/03/2022,"591,79"
09/03/2022,"613,18"
10/03/2022,"608,28"
11/03/2022,"603,92"
14/03/2022,"611,45"
15/03/2022,"619,46"
16/03/2022,"637,31"
17/03/2022,"645,14"
18/03/2022,"647,02"
21/03/2022,"646,21"
22/03/2022,"656,55"
23/03/2022,"644,46"
24/03/2022,"649,33"
25/03/2022,"657,82"
28/03/2022,"655,86"
29/03/2022,"657,4"
30/03/2022,"652,76"
31/03/2022,"637,61"
01/04/2022,"636,27"
04/04/2022,"633,25"
05/04/2022,"628,52"
06/04/2022,"624,39"
07/04/2022,"623,78"
08/04/2022,"630,05"
11/04/2022,"627,04"
12/04/2022,"620,35"
13/04/2022,"619,85"
14/04/2022,"613,38"
18/04/2022,"617,14"
19/04/2022,"625,28"
20/04/2022,"629,57"
21/04/2022,"619,9"
22/04/2022,"601,3"
25/04/2022,"602,29"
26/04/2022,"586,94"
27/04/2022,"586,34"
28/04/2022,"593,95"
29/04/2022,"573,7"
02/05/2022,"573,82"
03/05/2022,"581,06"
04/05/2022,"598,6"
05/05/2022,"581,15"
06/05/2022,"576,98"
09/05/2022,"562,8"
10/05/2022,"558,31"
11/05/2022,"552,71"
12/05/2022,"548,8"
13/05/2022,"556,31"
16/05/2022,"551,98"
17/05/2022,"566,84"
18/05/2022,"550,98"
19/05/2022,"547,15"
20/05/2022,"546,49"
23/05/2022,"564,16"
24/05/2022,"562,83"
25/05/2022,"567,34"
26/05/2022,"580,1"
27/05/2022,"590,46"
31/05/2022,"588,47"
01/06/2022,"578,63"
02/06/2022,"586,81"
03/06/2022,"577,81"
06/06/2022,"580,02"
07/06/2022,"584,01"
08/06/2022,"574,06"
09/06/2022,"559,1"
10/06/2022,"538,67"
13/06/2022,"522,78"
14/06/2022,"517,85"
15/06/2022,"524,26"
16/06/2022,"510,78"
17/06/2022,"512,37"
21/06/2022,"522,73"
22/06/2022,"521,39"
23/06/2022,"519,01"
24/06/2022,"538,72"
27/06/2022,"536,37"
28/06/2022,"531,41"
29/06/2022,"528,01"
30/06/2022,"523,35"
01/07/2022,"530,85"
05/07/2022,"528,33"
06/07/2022,527
07/07/2022,"534,7"
08/07/2022,"533,64"
11/07/2022,"529,21"
12/07/2022,"525,77"
13/07/2022,"520,89"
14/07/2022,"510,91"
15/07/2022,"528,83"
18/07/2022,"526,04"
19/07/2022,"542,19"
20/07/2022,"543,93"
21/07/2022,"547,41"
22/07/2022,"544,18"
25/07/2022,"547,74"
26/07/2022,"540,14"
27/07/2022,"548,46"
28/07/2022,"552,29"
29/07/2022,"560,04"
01/08/2022,"555,04"
02/08/2022,"549,11"
03/08/2022,"557,29"
04/08/2022,"555,37"
05/08/2022,"559,73"
08/08/2022,"558,72"
09/08/2022,"561,88"
10/08/2022,"574,9"
11/08/2022,"580,75"
12/08/2022,"590,24"
15/08/2022,"590,35"
16/08/2022,"594,4"
17/08/2022,"591,27"
18/08/2022,"592,03"
19/08/2022,"580,07"
22/08/2022,"567,36"
23/08/2022,"565,22"
24/08/2022,"568,16"
25/08/2022,"576,78"
26/08/2022,"559,28"
29/08/2022,"555,03"
30/08/2022,"552,68"
31/08/2022,"547,82"
01/09/2022,"549,81"
02/09/2022,"545,25"
06/09/2022,"543,68"
07/09/2022,"554,68"
08/09/2022,"564,34"
09/09/2022,"569,13"
12/09/2022,"574,07"
13/09/2022,"552,45"
14/09/2022,"551,08"
15/09/2022,"552,81"
16/09/2022,"547,46"
19/09/2022,"553,57"
20/09/2022,"545,52"
21/09/2022,"534,02"
22/09/2022,"525,13"
23/09/2022,"516,93"
26/09/2022,"508,21"
27/09/2022,"506,7"
28/09/2022,"516,36"
29/09/2022,"509,98"
30/09/2022,"504,39"
03/10/2022,"518,7"
04/10/2022,"538,36"
05/10/2022,"533,71"
06/10/2022,"525,95"
07/10/2022,"513,66"
10/10/2022,"511,19"
11/10/2022,"504,56"
12/10/2022,"503,18"
13/10/2022,"524,01"
14/10/2022,"514,7"
17/10/2022,"527,96"
18/10/2022,"536,64"
19/10/2022,"528,08"
20/10/2022,"519,73"
21/10/2022,"534,91"
24/10/2022,"542,12"
25/10/2022,"548,53"
26/10/2022,"550,14"
27/10/2022,"554,25"
28/10/2022,"568,03"
31/10/2022,"563,91"
01/11/2022,"566,21"
02/11/2022,"558,94"
03/11/2022,"552,97"
04/11/2022,"563,29"
07/11/2022,"568,37"
08/11/2022,"571,7"
09/11/2022,562
10/11/2022,"590,86"
11/11/2022,"595,51"
14/11/2022,"586,34"
15/11/2022,"588,01"
16/11/2022,"585,36"
17/11/2022,"582,22"
18/11/2022,"586,71"
21/11/2022,"588,69"
22/11/2022,"594,73"
23/11/2022,"596,95"
25/11/2022,"599,37"
28/11/2022,"588,73"
29/11/2022,"592,65"
30/11/2022,"602,43"
01/12/2022,"598,13"
02/12/2022,"595,56"
05/12/2022,"580,68"
06/12/2022,"575,7"
07/12/2022,"573,1"
08/12/2022,"573,96"
09/12/2022,"572,33"
12/12/2022,"579,55"
13/12/2022,"581,26"
14/12/2022,"573,74"
15/12/2022,"562,23"
16/12/2022,"558,05"
19/12/2022,"556,76"
20/12/2022,"558,46"
21/12/2022,"567,97"
22/12/2022,"562,43"
23/12/2022,"565,89"
27/12/2022,"565,7"
28/12/2022,"563,33"
29/12/2022,"571,41"
30/12/2022,"569,74"
03/01/2023,"571,88"
04/01/2023,"580,95"
05/01/2023,"575,62"
06/01/2023,"588,73"
09/01/2023,"586,18"
10/01/2023,"589,99"
11/01/2023,"595,06"
12/01/2023,"596,43"
13/01/2023,"600,66"
17/01/2023,"596,59"
18/01/2023,"585,64"
19/01/2023,"578,61"
20/01/2023,"588,16"
23/01/2023,"594,75"
24/01/2023,"595,37"
25/01/2023,"599,75"
26/01/2023,"602,72"
27/01/2023,"603,02"
30/01/2023,"599,89"
31/01/2023,"607,9"
01/02/2023,"608,01"
02/02/2023,"609,12"
03/02/2023,"608,5"
06/02/2023,"607,64"
07/02/2023,"614,71"
08/02/2023,"611,26"
09/02/2023,"603,75"
10/02/2023,"606,18"
13/02/2023,"612,87"
14/02/2023,"609,58"
15/02/2023,"610,53"
16/02/2023,604
17/02/2023,"604,28"
21/02/2023,"592,12"
22/02/2023,"590,93"
23/02/2023,"591,76"
24/02/2023,"592,38"
27/02/2023,"592,03"
28/02/2023,"593,02"
01/03/2023,"590,77"
02/03/2023,"587,65"
03/03/2023,"597,05"
06/03/2023,"597,36"
07/03/2023,"582,2"
08/03/2023,"579,84"
09/03/2023,"556,04"
10/03/2023,"546,28"
13/03/2023,"525,63"
14/03/2023,"535,56"
15/03/2023,"520,33"
16/03/2023,"530,45"
17/03/2023,"513,02"
20/03/2023,"519,15"
21/03/2023,"532,33"
22/03/2023,"519,7"
23/03/2023,"516,28"
