Fecha,Health_Care
23/03/2018,"922,73"
26/03/2018,"941,74"
27/03/2018,"930,93"
28/03/2018,"935,52"
29/03/2018,"940,73"
02/04/2018,"921,22"
03/04/2018,"935,19"
04/04/2018,"948,25"
05/04/2018,"947,65"
06/04/2018,"924,95"
09/04/2018,"933,59"
10/04/2018,"949,79"
11/04/2018,"941,6"
12/04/2018,"947,64"
13/04/2018,"946,91"
16/04/2018,"954,53"
17/04/2018,"962,38"
18/04/2018,"962,8"
19/04/2018,"955,01"
20/04/2018,"949,72"
23/04/2018,"953,6"
24/04/2018,"946,08"
25/04/2018,"950,37"
26/04/2018,"962,14"
27/04/2018,"966,38"
30/04/2018,"951,27"
01/05/2018,"951,54"
02/05/2018,"938,13"
03/05/2018,"929,95"
04/05/2018,"936,97"
07/05/2018,"935,96"
08/05/2018,"928,65"
09/05/2018,"934,33"
10/05/2018,"946,27"
11/05/2018,"960,18"
14/05/2018,"966,41"
15/05/2018,"953,9"
16/05/2018,"958,98"
17/05/2018,"959,17"
18/05/2018,"961,78"
21/05/2018,"962,87"
22/05/2018,"960,21"
23/05/2018,"963,43"
24/05/2018,"960,21"
25/05/2018,"958,6"
29/05/2018,"948,39"
30/05/2018,"961,44"
31/05/2018,"951,45"
01/06/2018,"962,68"
04/06/2018,"966,33"
05/06/2018,"964,88"
06/06/2018,"976,2"
07/06/2018,"975,49"
08/06/2018,"982,32"
11/06/2018,"983,31"
12/06/2018,"983,02"
13/06/2018,"982,76"
14/06/2018,"987,36"
15/06/2018,"989,86"
18/06/2018,"980,1"
19/06/2018,"982,47"
20/06/2018,"984,48"
21/06/2018,"979,24"
22/06/2018,"983,37"
25/06/2018,"974,48"
26/06/2018,"971,72"
27/06/2018,"962,74"
28/06/2018,"964,33"
29/06/2018,"965,78"
02/07/2018,"969,31"
03/07/2018,"971,33"
05/07/2018,"981,5"
06/07/2018,"995,69"
09/07/2018,"1002,19"
10/07/2018,"1006,33"
11/07/2018,"998,35"
12/07/2018,"1009,29"
13/07/2018,"1011,6"
16/07/2018,"1004,65"
17/07/2018,"1010,06"
18/07/2018,"1010,88"
19/07/2018,"1005,3"
20/07/2018,"1003,27"
23/07/2018,"1005,68"
24/07/2018,"1014,79"
25/07/2018,"1026,43"
26/07/2018,"1024,41"
27/07/2018,"1017,08"
30/07/2018,"1018,07"
31/07/2018,"1028,39"
01/08/2018,"1028,91"
02/08/2018,"1031,9"
03/08/2018,"1038,48"
06/08/2018,"1039,95"
07/08/2018,"1039,83"
08/08/2018,"1041,49"
09/08/2018,"1040,43"
10/08/2018,"1036,36"
13/08/2018,"1036,45"
14/08/2018,"1041,11"
15/08/2018,"1039,47"
16/08/2018,"1048,99"
17/08/2018,"1052,91"
20/08/2018,"1056,22"
21/08/2018,"1056,06"
22/08/2018,"1057,21"
23/08/2018,"1056,17"
24/08/2018,"1060,95"
27/08/2018,"1064,54"
28/08/2018,"1065,54"
29/08/2018,"1072,53"
30/08/2018,"1071,37"
31/08/2018,"1071,38"
04/09/2018,"1063,58"
05/09/2018,"1066,46"
06/09/2018,"1066,42"
07/09/2018,"1068,04"
10/09/2018,"1064,73"
11/09/2018,"1064,47"
12/09/2018,"1070,31"
13/09/2018,"1082,49"
14/09/2018,"1078,92"
17/09/2018,"1075,33"
18/09/2018,"1081,03"
19/09/2018,"1079,83"
20/09/2018,"1089,86"
21/09/2018,"1091,93"
24/09/2018,"1093,68"
25/09/2018,"1090,61"
26/09/2018,"1092,83"
27/09/2018,"1097,69"
28/09/2018,"1101,36"
01/10/2018,"1107,28"
02/10/2018,"1106,23"
03/10/2018,"1103,66"
04/10/2018,"1093,25"
05/10/2018,"1092,32"
08/10/2018,"1090,49"
09/10/2018,"1093,08"
10/10/2018,"1067,15"
11/10/2018,"1038,71"
12/10/2018,"1054,06"
15/10/2018,"1045,93"
16/10/2018,"1076,25"
17/10/2018,"1081,37"
18/10/2018,1069
19/10/2018,"1058,82"
22/10/2018,"1050,2"
23/10/2018,"1044,6"
24/10/2018,"1010,21"
25/10/2018,"1022,71"
26/10/2018,"1011,7"
29/10/2018,"1013,51"
30/10/2018,"1024,73"
31/10/2018,"1026,7"
01/11/2018,"1040,12"
02/11/2018,"1033,3"
05/11/2018,"1041,93"
06/11/2018,"1047,35"
07/11/2018,"1078,14"
08/11/2018,"1078,32"
09/11/2018,"1074,78"
12/11/2018,"1059,87"
13/11/2018,"1052,66"
14/11/2018,"1043,64"
15/11/2018,"1053,61"
16/11/2018,"1063,52"
19/11/2018,"1049,99"
20/11/2018,"1039,8"
21/11/2018,"1034,52"
23/11/2018,"1035,74"
26/11/2018,"1045,51"
27/11/2018,"1055,87"
28/11/2018,"1081,82"
29/11/2018,"1085,11"
30/11/2018,"1096,84"
03/12/2018,"1101,62"
04/12/2018,"1076,29"
06/12/2018,"1072,97"
07/12/2018,"1046,01"
10/12/2018,"1049,44"
11/12/2018,"1052,6"
12/12/2018,"1061,65"
13/12/2018,"1062,49"
14/12/2018,"1026,67"
17/12/2018,"1005,04"
18/12/2018,"997,04"
19/12/2018,"984,34"
20/12/2018,"971,78"
21/12/2018,"958,02"
24/12/2018,"934,18"
26/12/2018,"976,62"
27/12/2018,"987,07"
28/12/2018,"987,48"
31/12/2018,"1001,18"
02/01/2019,"987,65"
03/01/2019,"965,75"
04/01/2019,"994,77"
07/01/2019,"998,85"
08/01/2019,"1008,3"
09/01/2019,"1011,51"
10/01/2019,"1013,96"
11/01/2019,"1017,28"
14/01/2019,"1005,45"
15/01/2019,"1022,98"
16/01/2019,"1021,42"
17/01/2019,"1030,62"
18/01/2019,"1042,81"
22/01/2019,"1035,35"
23/01/2019,"1036,65"
24/01/2019,"1027,7"
25/01/2019,"1029,15"
28/01/2019,"1017,44"
29/01/2019,"1022,21"
30/01/2019,"1036,15"
31/01/2019,"1047,87"
01/02/2019,"1050,21"
04/02/2019,"1046,61"
05/02/2019,"1045,77"
06/02/2019,"1049,57"
07/02/2019,"1038,49"
08/02/2019,"1040,39"
11/02/2019,"1039,02"
12/02/2019,"1052,99"
13/02/2019,"1055,58"
14/02/2019,"1058,05"
15/02/2019,"1073,62"
19/02/2019,"1070,95"
20/02/2019,"1069,57"
21/02/2019,"1060,16"
22/02/2019,"1070,06"
25/02/2019,"1070,57"
26/02/2019,"1067,19"
27/02/2019,"1061,97"
28/02/2019,"1058,77"
01/03/2019,"1073,74"
04/03/2019,"1059,39"
05/03/2019,"1058,64"
06/03/2019,"1043,04"
07/03/2019,"1034,76"
08/03/2019,"1032,22"
11/03/2019,"1044,33"
12/03/2019,"1051,32"
13/03/2019,"1062,93"
14/03/2019,"1060,23"
15/03/2019,"1065,44"
18/03/2019,"1063,83"
19/03/2019,"1072,17"
20/03/2019,"1064,97"
21/03/2019,"1068,66"
22/03/2019,"1049,44"
25/03/2019,"1048,7"
26/03/2019,"1055,88"
27/03/2019,"1047,3"
28/03/2019,"1050,07"
29/03/2019,"1062,47"
01/04/2019,"1064,24"
02/04/2019,"1061,7"
03/04/2019,"1060,41"
04/04/2019,"1057,84"
05/04/2019,"1065,28"
08/04/2019,"1065,1"
09/04/2019,"1060,94"
10/04/2019,"1062,35"
11/04/2019,"1049,49"
12/04/2019,"1039,31"
15/04/2019,"1042,89"
16/04/2019,"1021,77"
17/04/2019,"992,27"
18/04/2019,"993,64"
22/04/2019,"994,29"
23/04/2019,"1010,15"
24/04/2019,"1008,77"
25/04/2019,"1020,19"
26/04/2019,"1030,02"
29/04/2019,"1027,85"
30/04/2019,"1033,35"
01/05/2019,"1030,29"
02/05/2019,"1035,18"
03/05/2019,"1043,06"
06/05/2019,"1049,13"
07/05/2019,"1028,7"
08/05/2019,"1029,92"
09/05/2019,"1027,78"
10/05/2019,"1027,08"
13/05/2019,"1009,16"
14/05/2019,"1013,28"
15/05/2019,"1016,01"
16/05/2019,"1023,65"
17/05/2019,"1021,94"
20/05/2019,"1021,56"
21/05/2019,"1029,96"
22/05/2019,"1036,5"
23/05/2019,"1032,68"
24/05/2019,"1033,95"
28/05/2019,"1019,38"
29/05/2019,"1009,65"
30/05/2019,"1014,93"
31/05/2019,1007
03/06/2019,"1010,07"
04/06/2019,"1027,09"
05/06/2019,"1034,02"
06/06/2019,"1037,29"
07/06/2019,"1050,52"
10/06/2019,"1053,78"
11/06/2019,"1051,17"
12/06/2019,"1056,56"
13/06/2019,"1055,35"
14/06/2019,"1052,28"
17/06/2019,"1057,19"
18/06/2019,"1065,9"
19/06/2019,"1076,1"
20/06/2019,"1080,43"
21/06/2019,"1085,15"
24/06/2019,"1079,75"
25/06/2019,"1075,31"
26/06/2019,"1061,9"
27/06/2019,"1068,53"
28/06/2019,"1072,47"
01/07/2019,"1078,6"
02/07/2019,"1083,21"
03/07/2019,"1093,05"
05/07/2019,"1085,09"
08/07/2019,1077
09/07/2019,"1078,19"
10/07/2019,"1082,1"
11/07/2019,"1082,31"
12/07/2019,"1069,57"
15/07/2019,"1071,79"
16/07/2019,"1066,4"
17/07/2019,"1066,6"
18/07/2019,"1072,41"
19/07/2019,"1061,01"
22/07/2019,"1059,39"
23/07/2019,"1065,93"
24/07/2019,"1066,28"
25/07/2019,"1060,39"
26/07/2019,"1064,81"
29/07/2019,"1069,15"
30/07/2019,"1064,57"
31/07/2019,"1054,04"
01/08/2019,"1055,1"
02/08/2019,"1052,76"
05/08/2019,"1028,13"
06/08/2019,"1041,18"
07/08/2019,"1040,86"
08/08/2019,"1055,21"
09/08/2019,"1057,12"
12/08/2019,"1046,49"
13/08/2019,"1059,98"
14/08/2019,"1029,94"
15/08/2019,"1033,52"
16/08/2019,"1045,86"
19/08/2019,"1056,18"
20/08/2019,"1047,12"
21/08/2019,"1054,96"
22/08/2019,"1049,81"
23/08/2019,"1025,47"
26/08/2019,"1035,41"
27/08/2019,"1029,73"
28/08/2019,"1037,01"
29/08/2019,1045
30/08/2019,"1046,74"
03/09/2019,"1040,16"
04/09/2019,"1040,31"
05/09/2019,"1050,46"
06/09/2019,"1053,74"
09/09/2019,"1044,07"
10/09/2019,"1047,12"
11/09/2019,"1057,71"
12/09/2019,"1056,44"
13/09/2019,"1055,71"
16/09/2019,"1053,26"
17/09/2019,"1054,78"
18/09/2019,"1054,84"
19/09/2019,"1059,81"
20/09/2019,"1066,2"
23/09/2019,"1059,7"
24/09/2019,"1050,1"
25/09/2019,"1045,04"
26/09/2019,"1038,47"
27/09/2019,"1034,11"
30/09/2019,"1043,37"
01/10/2019,"1033,33"
02/10/2019,"1017,63"
03/10/2019,"1027,12"
04/10/2019,"1043,45"
07/10/2019,"1038,97"
08/10/2019,"1019,95"
09/10/2019,"1026,94"
10/10/2019,"1032,22"
11/10/2019,"1040,49"
14/10/2019,"1040,14"
15/10/2019,"1058,45"
16/10/2019,"1057,2"
17/10/2019,"1065,21"
18/10/2019,"1061,63"
21/10/2019,"1060,84"
22/10/2019,"1062,67"
23/10/2019,"1069,33"
24/10/2019,"1062,95"
25/10/2019,"1065,01"
28/10/2019,"1076,07"
29/10/2019,"1088,55"
30/10/2019,"1097,02"
31/10/2019,"1095,58"
01/11/2019,"1097,41"
04/11/2019,"1093,62"
05/11/2019,"1083,84"
06/11/2019,"1089,91"
07/11/2019,"1091,46"
08/11/2019,"1100,18"
11/11/2019,"1095,63"
12/11/2019,"1101,98"
13/11/2019,"1103,19"
14/11/2019,"1102,38"
15/11/2019,"1126,75"
18/11/2019,"1122,5"
19/11/2019,"1129,84"
20/11/2019,"1128,87"
21/11/2019,"1131,35"
22/11/2019,"1135,88"
25/11/2019,"1147,99"
26/11/2019,"1147,21"
27/11/2019,"1152,73"
29/11/2019,"1148,69"
02/12/2019,"1143,63"
03/12/2019,"1141,25"
04/12/2019,"1151,67"
05/12/2019,"1152,01"
06/12/2019,"1159,11"
09/12/2019,"1151,2"
10/12/2019,"1152,89"
11/12/2019,"1154,8"
12/12/2019,1165
13/12/2019,"1163,7"
16/12/2019,"1176,3"
17/12/2019,"1175,27"
18/12/2019,"1176,7"
19/12/2019,"1181,27"
20/12/2019,"1190,45"
23/12/2019,"1194,33"
24/12/2019,"1193,14"
26/12/2019,"1191,73"
27/12/2019,"1192,49"
30/12/2019,"1184,66"
31/12/2019,"1188,2"
02/01/2020,"1190,45"
03/01/2020,"1180,33"
06/01/2020,"1187,27"
07/01/2020,"1184,41"
08/01/2020,"1192,03"
09/01/2020,"1197,64"
10/01/2020,"1198,13"
13/01/2020,"1193,9"
14/01/2020,"1200,43"
15/01/2020,"1210,62"
16/01/2020,"1216,96"
17/01/2020,"1217,69"
21/01/2020,"1218,2"
22/01/2020,"1219,64"
23/01/2020,"1213,6"
24/01/2020,"1193,25"
27/01/2020,"1184,21"
28/01/2020,"1189,86"
29/01/2020,"1186,54"
30/01/2020,"1177,34"
31/01/2020,"1153,96"
03/02/2020,"1164,64"
04/02/2020,"1184,41"
05/02/2020,"1207,71"
06/02/2020,"1209,05"
07/02/2020,"1199,27"
10/02/2020,"1205,41"
11/02/2020,"1212,83"
12/02/2020,"1214,51"
13/02/2020,"1207,93"
14/02/2020,"1209,53"
18/02/2020,"1205,08"
19/02/2020,"1210,55"
20/02/2020,"1203,03"
21/02/2020,"1203,41"
24/02/2020,"1164,14"
25/02/2020,"1129,79"
26/02/2020,"1128,63"
27/02/2020,"1091,03"
28/02/2020,"1075,66"
02/03/2020,"1127,57"
03/03/2020,"1098,88"
04/03/2020,"1162,75"
05/03/2020,"1134,9"
06/03/2020,"1129,02"
09/03/2020,"1070,44"
10/03/2020,"1107,57"
11/03/2020,"1064,27"
12/03/2020,"985,4"
13/03/2020,"1053,92"
16/03/2020,"948,61"
17/03/2020,"1007,95"
18/03/2020,"973,71"
19/03/2020,"955,54"
20/03/2020,"916,59"
23/03/2020,"870,99"
24/03/2020,"937,08"
25/03/2020,"948,94"
26/03/2020,"1015,18"
27/03/2020,"990,69"
30/03/2020,"1036,98"
31/03/2020,"1032,9"
01/04/2020,"993,02"
02/04/2020,"1020,68"
03/04/2020,"1010,87"
06/04/2020,"1065,43"
07/04/2020,"1055,49"
08/04/2020,"1099,88"
09/04/2020,"1106,01"
13/04/2020,"1095,15"
14/04/2020,"1131,35"
15/04/2020,"1125,42"
16/04/2020,"1150,15"
17/04/2020,"1173,93"
20/04/2020,"1164,79"
21/04/2020,"1128,23"
22/04/2020,"1146,31"
23/04/2020,"1151,83"
24/04/2020,"1168,43"
27/04/2020,"1183,79"
28/04/2020,"1158,58"
29/04/2020,"1167,15"
30/04/2020,"1162,03"
01/05/2020,"1137,89"
04/05/2020,"1138,72"
05/05/2020,"1163,21"
06/05/2020,"1151,78"
07/05/2020,"1151,26"
08/05/2020,"1157,47"
11/05/2020,"1177,17"
12/05/2020,"1159,62"
13/05/2020,"1146,87"
14/05/2020,"1159,19"
15/05/2020,"1167,63"
18/05/2020,"1178,58"
19/05/2020,"1164,35"
20/05/2020,"1165,78"
21/05/2020,"1156,32"
22/05/2020,"1158,51"
26/05/2020,"1156,27"
27/05/2020,"1168,41"
28/05/2020,"1183,11"
29/05/2020,"1198,14"
01/06/2020,"1186,09"
02/06/2020,"1193,3"
03/06/2020,"1190,92"
04/06/2020,"1181,32"
05/06/2020,"1200,89"
08/06/2020,"1208,56"
09/06/2020,"1195,49"
10/06/2020,"1193,84"
11/06/2020,"1126,67"
12/06/2020,"1134,51"
15/06/2020,"1136,59"
16/06/2020,"1164,27"
17/06/2020,"1163,36"
18/06/2020,"1159,85"
19/06/2020,"1169,95"
22/06/2020,"1165,74"
23/06/2020,"1170,82"
24/06/2020,"1139,72"
25/06/2020,"1151,43"
26/06/2020,"1137,37"
29/06/2020,"1147,04"
30/06/2020,"1167,8"
01/07/2020,"1176,09"
02/07/2020,"1184,43"
06/07/2020,"1196,34"
07/07/2020,"1186,07"
08/07/2020,"1186,27"
09/07/2020,"1176,56"
10/07/2020,"1173,97"
13/07/2020,"1180,18"
14/07/2020,"1203,28"
15/07/2020,"1219,14"
16/07/2020,"1217,06"
17/07/2020,"1233,67"
20/07/2020,"1233,55"
21/07/2020,"1232,87"
22/07/2020,"1243,35"
23/07/2020,"1238,28"
24/07/2020,"1224,52"
27/07/2020,"1233,39"
28/07/2020,"1231,63"
29/07/2020,"1244,95"
30/07/2020,"1235,39"
31/07/2020,"1228,58"
03/08/2020,"1241,39"
04/08/2020,"1235,79"
05/08/2020,"1241,86"
06/08/2020,"1234,73"
07/08/2020,"1239,1"
10/08/2020,"1234,88"
11/08/2020,"1226,88"
12/08/2020,"1247,96"
13/08/2020,"1245,9"
14/08/2020,"1243,21"
17/08/2020,"1250,47"
18/08/2020,"1250,04"
19/08/2020,"1245,63"
20/08/2020,"1242,04"
21/08/2020,"1243,13"
24/08/2020,"1236,45"
25/08/2020,"1245,11"
26/08/2020,"1243,59"
27/08/2020,"1253,32"
28/08/2020,"1255,85"
31/08/2020,"1259,88"
01/09/2020,"1247,56"
02/09/2020,"1273,61"
03/09/2020,"1238,68"
04/09/2020,"1229,65"
08/09/2020,"1209,04"
09/09/2020,"1230,48"
10/09/2020,"1211,4"
11/09/2020,"1216,07"
14/09/2020,"1232,48"
15/09/2020,"1234,48"
16/09/2020,"1231,71"
17/09/2020,"1227,91"
18/09/2020,"1226,34"
21/09/2020,"1203,72"
22/09/2020,"1201,45"
23/09/2020,"1188,52"
24/09/2020,"1182,29"
25/09/2020,"1201,81"
28/09/2020,"1211,66"
29/09/2020,"1210,72"
30/09/2020,"1231,02"
01/10/2020,"1225,24"
02/10/2020,"1214,11"
05/10/2020,"1239,5"
06/10/2020,"1223,27"
07/10/2020,"1246,4"
08/10/2020,"1252,28"
09/10/2020,"1263,33"
12/10/2020,"1271,84"
13/10/2020,"1262,7"
14/10/2020,"1253,94"
15/10/2020,"1244,88"
16/10/2020,"1257,6"
19/10/2020,"1236,95"
20/10/2020,"1238,56"
21/10/2020,"1232,76"
22/10/2020,"1251,08"
23/10/2020,"1255,97"
26/10/2020,"1242,03"
27/10/2020,"1233,48"
28/10/2020,"1193,7"
29/10/2020,"1185,17"
30/10/2020,"1184,32"
02/11/2020,"1205,91"
03/11/2020,"1223,3"
04/11/2020,"1277,71"
05/11/2020,"1280,07"
06/11/2020,"1282,04"
09/11/2020,"1291,38"
10/11/2020,"1295,95"
11/11/2020,"1293,81"
12/11/2020,"1288,6"
13/11/2020,"1305,4"
16/11/2020,"1302,87"
17/11/2020,"1293,3"
18/11/2020,"1270,51"
19/11/2020,"1268,74"
20/11/2020,"1266,25"
23/11/2020,"1262,42"
24/11/2020,"1266,01"
25/11/2020,"1260,66"
27/11/2020,"1272,68"
30/11/2020,"1276,31"
01/12/2020,"1286,61"
02/12/2020,"1296,94"
03/12/2020,"1294,77"
04/12/2020,"1308,88"
07/12/2020,"1300,77"
08/12/2020,"1310,26"
09/12/2020,"1306,48"
10/12/2020,"1303,91"
11/12/2020,"1298,49"
14/12/2020,"1288,29"
15/12/2020,"1302,04"
16/12/2020,"1297,69"
17/12/2020,"1312,28"
18/12/2020,"1312,65"
21/12/2020,"1299,99"
22/12/2020,"1295,75"
23/12/2020,"1296,78"
24/12/2020,"1299,88"
28/12/2020,"1303,37"
29/12/2020,"1309,07"
30/12/2020,"1309,08"
31/12/2020,"1324,01"
04/01/2021,"1316,89"
05/01/2021,"1325,67"
06/01/2021,"1344,35"
07/01/2021,"1362,09"
08/01/2021,"1368,54"
11/01/2021,"1375,46"
12/01/2021,"1360,72"
13/01/2021,"1364,15"
14/01/2021,"1358,91"
15/01/2021,"1363,26"
19/01/2021,"1373,74"
20/01/2021,"1381,65"
21/01/2021,"1374,72"
22/01/2021,"1370,9"
25/01/2021,"1379,86"
26/01/2021,"1374,4"
27/01/2021,"1332,42"
28/01/2021,"1352,11"
29/01/2021,"1340,92"
01/02/2021,"1345,17"
02/02/2021,"1348,92"
03/02/2021,"1339,46"
04/02/2021,"1344,26"
05/02/2021,"1347,65"
08/02/2021,"1349,6"
09/02/2021,"1351,29"
10/02/2021,"1353,55"
11/02/2021,"1355,74"
12/02/2021,"1365,94"
16/02/2021,"1351,99"
17/02/2021,"1356,79"
18/02/2021,"1347,97"
19/02/2021,"1332,52"
22/02/2021,"1328,53"
23/02/2021,"1326,48"
24/02/2021,"1335,2"
25/02/2021,"1321,95"
26/02/2021,"1311,27"
01/03/2021,"1327,31"
02/03/2021,"1324,03"
03/03/2021,"1306,45"
04/03/2021,"1289,06"
05/03/2021,"1315,13"
08/03/2021,"1311,39"
09/03/2021,"1319,47"
10/03/2021,"1322,33"
11/03/2021,"1330,59"
12/03/2021,"1332,42"
15/03/2021,"1341,12"
16/03/2021,"1340,61"
17/03/2021,"1335,15"
18/03/2021,"1332,61"
19/03/2021,"1337,41"
22/03/2021,"1349,51"
23/03/2021,"1335,59"
24/03/2021,"1334,81"
25/03/2021,"1338,97"
26/03/2021,"1365,45"
29/03/2021,"1370,87"
30/03/2021,"1358,45"
31/03/2021,"1360,34"
01/04/2021,"1357,4"
05/04/2021,"1366,35"
06/04/2021,"1361,46"
07/04/2021,"1358,17"
08/04/2021,"1359,72"
09/04/2021,"1375,56"
12/04/2021,"1376,24"
13/04/2021,"1382,34"
14/04/2021,"1380,68"
15/04/2021,"1404,75"
16/04/2021,"1415,24"
19/04/2021,"1415,09"
20/04/2021,"1421,13"
21/04/2021,"1437,3"
22/04/2021,"1431,16"
23/04/2021,"1440,34"
26/04/2021,"1435,26"
27/04/2021,"1427,98"
28/04/2021,1423
29/04/2021,"1417,49"
30/04/2021,"1412,92"
03/05/2021,"1429,43"
04/05/2021,"1429,98"
05/05/2021,"1433,22"
06/05/2021,"1434,29"
07/05/2021,"1444,6"
10/05/2021,"1446,02"
11/05/2021,"1431,91"
12/05/2021,"1417,53"
13/05/2021,"1430,99"
14/05/2021,"1436,47"
17/05/2021,"1434,08"
18/05/2021,"1434,77"
19/05/2021,"1432,71"
20/05/2021,"1447,62"
21/05/2021,"1447,14"
24/05/2021,"1447,97"
25/05/2021,"1443,59"
26/05/2021,"1435,48"
27/05/2021,"1433,16"
28/05/2021,"1437,44"
01/06/2021,"1413,81"
02/06/2021,"1410,72"
03/06/2021,"1416,33"
04/06/2021,"1420,85"
07/06/2021,"1425,6"
08/06/2021,"1420,48"
09/06/2021,"1434,66"
10/06/2021,"1458,85"
11/06/2021,"1448,24"
14/06/2021,"1449,39"
15/06/2021,"1449,02"
16/06/2021,"1443,45"
17/06/2021,"1454,88"
18/06/2021,"1437,17"
21/06/2021,"1455,73"
22/06/2021,"1458,77"
23/06/2021,"1452,04"
24/06/2021,"1459,44"
25/06/2021,"1466,12"
28/06/2021,"1468,58"
29/06/2021,"1469,58"
30/06/2021,"1468,94"
01/07/2021,"1482,54"
02/07/2021,"1495,32"
06/07/2021,"1494,01"
07/07/2021,"1503,2"
08/07/2021,"1496,08"
09/07/2021,"1501,46"
12/07/2021,"1504,15"
13/07/2021,"1502,55"
14/07/2021,"1499,48"
15/07/2021,"1495,65"
16/07/2021,"1498,96"
19/07/2021,"1482,87"
20/07/2021,"1500,69"
21/07/2021,"1503,77"
22/07/2021,"1513,77"
23/07/2021,"1531,58"
26/07/2021,"1522,03"
27/07/2021,"1528,7"
28/07/2021,"1534,57"
29/07/2021,"1537,42"
30/07/2021,"1538,58"
02/08/2021,"1541,2"
03/08/2021,"1562,97"
04/08/2021,"1556,43"
05/08/2021,"1550,57"
06/08/2021,"1548,95"
09/08/2021,"1554,79"
10/08/2021,"1551,06"
11/08/2021,"1536,02"
12/08/2021,"1547,82"
13/08/2021,"1557,13"
16/08/2021,"1574,69"
17/08/2021,"1592,32"
18/08/2021,"1569,02"
19/08/2021,"1576,66"
20/08/2021,"1584,73"
23/08/2021,"1584,42"
24/08/2021,"1578,96"
25/08/2021,"1574,93"
26/08/2021,"1568,63"
27/08/2021,"1566,06"
30/08/2021,"1575,6"
31/08/2021,"1573,61"
01/09/2021,"1573,95"
02/09/2021,"1590,92"
03/09/2021,"1592,61"
07/09/2021,"1583,58"
08/09/2021,"1582,35"
09/09/2021,"1563,83"
10/09/2021,"1549,18"
13/09/2021,"1539,73"
14/09/2021,"1537,91"
15/09/2021,"1548,43"
16/09/2021,"1544,6"
17/09/2021,"1545,73"
20/09/2021,"1530,65"
21/09/2021,"1532,87"
22/09/2021,"1534,22"
23/09/2021,"1546,09"
24/09/2021,"1539,56"
27/09/2021,"1517,58"
28/09/2021,"1491,77"
29/09/2021,"1503,25"
30/09/2021,"1483,99"
01/10/2021,1485
04/10/2021,"1462,89"
05/10/2021,"1471,37"
06/10/2021,"1469,07"
07/10/2021,"1487,16"
08/10/2021,"1480,1"
11/10/2021,"1468,99"
12/10/2021,"1462,02"
13/10/2021,"1463,28"
14/10/2021,"1484,19"
15/10/2021,"1491,56"
18/10/2021,"1480,83"
19/10/2021,"1500,23"
20/10/2021,"1521,99"
21/10/2021,"1528,68"
22/10/2021,"1534,41"
25/10/2021,"1535,83"
26/10/2021,1544
27/10/2021,"1531,46"
28/10/2021,"1544,66"
29/10/2021,"1559,32"
01/11/2021,"1557,2"
02/11/2021,"1566,99"
03/11/2021,"1576,9"
04/11/2021,"1564,98"
05/11/2021,"1548,87"
08/11/2021,"1557,1"
09/11/2021,"1551,27"
10/11/2021,"1555,36"
11/11/2021,"1551,77"
12/11/2021,"1558,37"
15/11/2021,"1548,39"
16/11/2021,"1554,34"
17/11/2021,"1556,87"
18/11/2021,"1557,78"
19/11/2021,"1547,73"
22/11/2021,"1540,5"
23/11/2021,"1541,86"
24/11/2021,"1541,25"
26/11/2021,"1534,35"
29/11/2021,"1540,15"
30/11/2021,"1510,45"
01/12/2021,"1507,59"
02/12/2021,"1513,59"
03/12/2021,"1517,43"
06/12/2021,"1525,25"
07/12/2021,"1544,33"
08/12/2021,"1555,8"
09/12/2021,"1559,61"
10/12/2021,"1565,37"
13/12/2021,"1579,84"
14/12/2021,"1572,25"
15/12/2021,"1605,36"
16/12/2021,"1614,64"
17/12/2021,"1603,75"
20/12/2021,"1593,56"
21/12/2021,"1600,27"
22/12/2021,"1618,99"
23/12/2021,"1625,57"
27/12/2021,"1642,59"
28/12/2021,"1637,97"
29/12/2021,"1647,76"
30/12/2021,"1650,43"
31/12/2021,"1643,92"
03/01/2022,"1627,82"
04/01/2022,"1605,31"
05/01/2022,"1593,93"
06/01/2022,"1574,66"
07/01/2022,"1567,5"
10/01/2022,"1583,79"
11/01/2022,"1595,84"
12/01/2022,"1591,68"
13/01/2022,"1565,71"
14/01/2022,"1563,07"
18/01/2022,"1541,38"
19/01/2022,"1534,57"
20/01/2022,"1525,63"
21/01/2022,"1509,42"
24/01/2022,"1503,89"
25/01/2022,"1493,93"
26/01/2022,"1487,29"
27/01/2022,"1489,36"
28/01/2022,"1520,3"
31/01/2022,"1530,46"
01/02/2022,"1534,81"
02/02/2022,"1554,03"
03/02/2022,"1546,99"
04/02/2022,"1540,71"
07/02/2022,"1538,72"
08/02/2022,"1550,88"
09/02/2022,"1563,53"
10/02/2022,"1538,92"
11/02/2022,"1518,33"
14/02/2022,"1501,79"
15/02/2022,"1518,93"
16/02/2022,"1520,93"
17/02/2022,"1496,67"
18/02/2022,"1484,43"
22/02/2022,"1480,66"
23/02/2022,"1473,1"
24/02/2022,"1479,85"
25/02/2022,"1524,66"
28/02/2022,"1513,2"
01/03/2022,"1504,38"
02/03/2022,"1527,56"
03/03/2022,"1535,01"
04/03/2022,"1542,57"
07/03/2022,"1516,15"
08/03/2022,"1484,12"
09/03/2022,"1512,29"
10/03/2022,"1511,86"
11/03/2022,"1499,91"
14/03/2022,"1510,15"
15/03/2022,"1539,28"
16/03/2022,"1558,13"
17/03/2022,"1583,16"
18/03/2022,"1593,48"
21/03/2022,"1591,59"
22/03/2022,"1591,84"
23/03/2022,"1563,68"
24/03/2022,"1581,62"
25/03/2022,"1589,78"
28/03/2022,"1601,48"
29/03/2022,"1610,34"
30/03/2022,"1613,9"
31/03/2022,"1594,81"
01/04/2022,"1609,25"
04/04/2022,"1597,22"
05/04/2022,"1600,09"
06/04/2022,"1624,87"
07/04/2022,"1655,01"
08/04/2022,"1664,58"
11/04/2022,"1631,84"
12/04/2022,"1616,38"
13/04/2022,"1623,31"
14/04/2022,"1615,79"
18/04/2022,"1597,73"
19/04/2022,"1612,58"
20/04/2022,"1634,24"
21/04/2022,"1616,16"
22/04/2022,"1557,49"
25/04/2022,"1567,84"
26/04/2022,"1538,04"
27/04/2022,"1536,24"
28/04/2022,1557
29/04/2022,"1518,45"
02/05/2022,"1508,12"
03/05/2022,"1513,2"
04/05/2022,"1546,46"
05/05/2022,"1516,14"
06/05/2022,"1511,65"
09/05/2022,"1472,8"
10/05/2022,"1477,69"
11/05/2022,"1468,22"
12/05/2022,"1481,8"
13/05/2022,"1497,4"
16/05/2022,"1507,75"
17/05/2022,"1528,58"
18/05/2022,"1488,88"
19/05/2022,"1492,11"
20/05/2022,"1510,91"
23/05/2022,"1523,06"
24/05/2022,"1526,94"
25/05/2022,"1526,67"
26/05/2022,"1533,01"
27/05/2022,"1559,34"
31/05/2022,"1537,92"
01/06/2022,"1516,03"
02/06/2022,"1527,83"
03/06/2022,"1510,43"
06/06/2022,"1510,38"
07/06/2022,"1530,06"
08/06/2022,"1518,1"
09/06/2022,"1483,32"
10/06/2022,"1459,09"
13/06/2022,"1415,21"
14/06/2022,"1400,14"
15/06/2022,"1414,45"
16/06/2022,"1392,94"
17/06/2022,"1393,22"
21/06/2022,"1430,06"
22/06/2022,"1450,41"
23/06/2022,"1482,55"
24/06/2022,"1506,72"
27/06/2022,"1512,6"
28/06/2022,"1486,34"
29/06/2022,"1499,32"
30/06/2022,"1494,31"
01/07/2022,"1512,47"
05/07/2022,"1503,56"
06/07/2022,"1513,46"
07/07/2022,"1520,49"
08/07/2022,"1524,54"
11/07/2022,"1521,01"
12/07/2022,"1500,82"
13/07/2022,"1486,75"
14/07/2022,"1481,27"
15/07/2022,"1517,51"
18/07/2022,"1484,89"
19/07/2022,"1511,68"
20/07/2022,"1495,67"
21/07/2022,"1518,19"
22/07/2022,"1512,34"
25/07/2022,"1520,65"
26/07/2022,"1529,01"
27/07/2022,"1538,91"
28/07/2022,"1547,32"
29/07/2022,"1541,88"
01/08/2022,"1530,65"
02/08/2022,"1524,99"
03/08/2022,"1539,08"
04/08/2022,"1531,48"
05/08/2022,"1531,03"
08/08/2022,"1534,48"
09/08/2022,"1529,96"
10/08/2022,"1547,08"
11/08/2022,"1536,03"
12/08/2022,"1556,18"
15/08/2022,"1563,79"
16/08/2022,"1559,64"
17/08/2022,"1549,82"
18/08/2022,"1543,1"
19/08/2022,"1547,34"
22/08/2022,"1525,95"
23/08/2022,"1504,74"
24/08/2022,"1506,51"
25/08/2022,"1523,11"
26/08/2022,"1480,51"
29/08/2022,"1470,07"
30/08/2022,"1460,37"
31/08/2022,"1451,16"
01/09/2022,"1475,12"
02/09/2022,"1453,94"
06/09/2022,"1454,24"
07/09/2022,"1478,5"
08/09/2022,"1504,72"
09/09/2022,"1517,2"
12/09/2022,"1526,98"
13/09/2022,1477
14/09/2022,"1477,1"
15/09/2022,"1485,16"
16/09/2022,"1481,14"
19/09/2022,"1473,11"
20/09/2022,"1456,05"
21/09/2022,"1431,5"
22/09/2022,"1438,87"
23/09/2022,"1431,15"
26/09/2022,"1416,72"
27/09/2022,"1413,68"
28/09/2022,"1444,73"
29/09/2022,"1431,45"
30/09/2022,"1411,36"
03/10/2022,"1441,49"
04/10/2022,"1475,06"
05/10/2022,"1479,94"
06/10/2022,"1460,69"
07/10/2022,"1429,72"
10/10/2022,"1420,46"
11/10/2022,"1428,76"
12/10/2022,"1421,19"
13/10/2022,"1453,26"
14/10/2022,"1441,15"
17/10/2022,"1466,18"
18/10/2022,"1474,48"
19/10/2022,"1454,08"
20/10/2022,"1442,25"
21/10/2022,"1474,11"
24/10/2022,"1502,28"
25/10/2022,"1514,03"
26/10/2022,"1530,99"
27/10/2022,"1522,18"
28/10/2022,"1547,85"
31/10/2022,"1546,64"
01/11/2022,"1547,57"
02/11/2022,"1521,37"
03/11/2022,"1514,72"
04/11/2022,"1523,29"
07/11/2022,"1539,41"
08/11/2022,"1547,15"
09/11/2022,"1530,84"
10/11/2022,"1570,5"
11/11/2022,"1550,4"
14/11/2022,"1550,93"
15/11/2022,"1549,85"
16/11/2022,"1547,86"
17/11/2022,"1547,21"
18/11/2022,"1565,77"
21/11/2022,"1566,48"
22/11/2022,"1580,32"
23/11/2022,"1585,76"
25/11/2022,"1595,63"
28/11/2022,"1583,67"
29/11/2022,"1579,99"
30/11/2022,"1618,68"
01/12/2022,"1622,56"
02/12/2022,"1626,18"
05/12/2022,"1610,11"
06/12/2022,"1598,13"
07/12/2022,"1611,67"
08/12/2022,"1626,07"
09/12/2022,"1605,2"
12/12/2022,"1621,85"
13/12/2022,"1626,3"
14/12/2022,"1628,65"
15/12/2022,"1598,35"
16/12/2022,"1575,84"
19/12/2022,"1570,16"
20/12/2022,"1569,24"
21/12/2022,"1589,73"
22/12/2022,"1587,22"
23/12/2022,"1588,53"
27/12/2022,"1584,31"
28/12/2022,"1574,23"
29/12/2022,"1590,7"
30/12/2022,"1585,54"
03/01/2023,"1580,97"
04/01/2023,"1584,91"
05/01/2023,"1568,57"
06/01/2023,"1582,51"
09/01/2023,"1556,25"
10/01/2023,"1569,24"
11/01/2023,"1578,26"
12/01/2023,"1572,1"
13/01/2023,"1579,53"
17/01/2023,"1571,65"
18/01/2023,"1549,37"
19/01/2023,"1552,99"
20/01/2023,"1561,79"
23/01/2023,"1566,24"
24/01/2023,"1556,12"
25/01/2023,"1556,28"
26/01/2023,"1558,72"
27/01/2023,"1547,92"
30/01/2023,"1533,57"
31/01/2023,"1553,43"
01/02/2023,"1560,94"
02/02/2023,"1550,33"
03/02/2023,"1546,32"
06/02/2023,"1537,1"
07/02/2023,1547
08/02/2023,"1542,24"
09/02/2023,"1528,98"
10/02/2023,"1543,29"
13/02/2023,"1556,1"
14/02/2023,"1546,71"
15/02/2023,"1538,77"
16/02/2023,"1523,11"
17/02/2023,"1536,74"
21/02/2023,"1515,77"
22/02/2023,"1510,83"
23/02/2023,"1514,86"
24/02/2023,"1495,64"
27/02/2023,"1491,02"
28/02/2023,"1480,18"
01/03/2023,"1477,49"
02/03/2023,"1486,04"
03/03/2023,"1503,32"
06/03/2023,"1502,39"
07/03/2023,"1478,1"
08/03/2023,"1469,81"
09/03/2023,"1454,63"
10/03/2023,"1443,91"
13/03/2023,"1457,14"
14/03/2023,"1470,01"
15/03/2023,"1467,49"
16/03/2023,"1481,54"
17/03/2023,"1462,81"
20/03/2023,"1481,55"
21/03/2023,"1490,34"
22/03/2023,"1468,05"
23/03/2023,"1465,45"
