Fecha,Utilities
23/03/2018,"248,78"
26/03/2018,"251,37"
27/03/2018,"255,04"
28/03/2018,"254,82"
29/03/2018,"256,14"
02/04/2018,"254,21"
03/04/2018,"255,09"
04/04/2018,"255,63"
05/04/2018,"257,65"
06/04/2018,"255,82"
09/04/2018,"256,12"
10/04/2018,"254,27"
11/04/2018,"253,88"
12/04/2018,"250,64"
13/04/2018,"252,37"
16/04/2018,"255,85"
17/04/2018,"258,53"
18/04/2018,"257,52"
19/04/2018,"257,31"
20/04/2018,"255,02"
23/04/2018,"255,26"
24/04/2018,"256,91"
25/04/2018,"256,99"
26/04/2018,"259,64"
27/04/2018,"262,13"
30/04/2018,"261,39"
01/05/2018,"260,66"
02/05/2018,"260,31"
03/05/2018,"260,03"
04/05/2018,"261,04"
07/05/2018,"259,64"
08/05/2018,"253,12"
09/05/2018,"251,23"
10/05/2018,"254,59"
11/05/2018,"255,11"
14/05/2018,254
15/05/2018,"251,76"
16/05/2018,"249,59"
17/05/2018,"247,35"
18/05/2018,"247,02"
21/05/2018,"248,47"
22/05/2018,"249,44"
23/05/2018,"251,68"
24/05/2018,"253,57"
25/05/2018,"254,63"
29/05/2018,"254,74"
30/05/2018,"256,69"
31/05/2018,"256,98"
01/06/2018,"253,02"
04/06/2018,"250,88"
05/06/2018,"249,25"
06/06/2018,"243,95"
07/06/2018,"245,01"
08/06/2018,"244,98"
11/06/2018,"244,16"
12/06/2018,"247,3"
13/06/2018,"246,63"
14/06/2018,"249,52"
15/06/2018,"251,23"
18/06/2018,"252,11"
19/06/2018,"254,78"
20/06/2018,"254,78"
21/06/2018,"255,63"
22/06/2018,"257,51"
25/06/2018,"261,76"
26/06/2018,"261,73"
27/06/2018,"263,26"
28/06/2018,"263,22"
29/06/2018,"263,3"
02/07/2018,"265,39"
03/07/2018,"266,06"
05/07/2018,"267,74"
06/07/2018,"269,71"
09/07/2018,"261,28"
10/07/2018,"263,83"
11/07/2018,"266,12"
12/07/2018,"266,35"
13/07/2018,"266,51"
16/07/2018,"266,11"
17/07/2018,"265,94"
18/07/2018,"264,61"
19/07/2018,"267,08"
20/07/2018,"265,06"
23/07/2018,"263,37"
24/07/2018,"264,26"
25/07/2018,"264,96"
26/07/2018,"267,99"
27/07/2018,"266,89"
30/07/2018,"265,29"
31/07/2018,"268,11"
01/08/2018,"265,88"
02/08/2018,"267,29"
03/08/2018,"270,05"
06/08/2018,"270,39"
07/08/2018,"269,8"
08/08/2018,"268,35"
09/08/2018,"269,44"
10/08/2018,"268,35"
13/08/2018,"268,59"
14/08/2018,"269,04"
15/08/2018,"271,09"
16/08/2018,"274,12"
17/08/2018,"275,17"
20/08/2018,"274,22"
21/08/2018,"272,25"
22/08/2018,"270,14"
23/08/2018,"270,1"
24/08/2018,"271,28"
27/08/2018,"269,55"
28/08/2018,"268,98"
29/08/2018,"270,56"
30/08/2018,"270,91"
31/08/2018,"269,7"
04/09/2018,"271,17"
05/09/2018,"274,62"
06/09/2018,"275,68"
07/09/2018,"272,37"
10/09/2018,"273,96"
11/09/2018,"273,01"
12/09/2018,"272,77"
13/09/2018,"274,87"
14/09/2018,"273,39"
17/09/2018,"274,22"
18/09/2018,"273,64"
19/09/2018,"267,83"
20/09/2018,"268,15"
21/09/2018,"269,2"
24/09/2018,"266,82"
25/09/2018,"263,56"
26/09/2018,"260,81"
27/09/2018,"263,31"
28/09/2018,"267,28"
01/10/2018,"266,47"
02/10/2018,"269,9"
03/10/2018,"266,59"
04/10/2018,"268,04"
05/10/2018,"272,24"
08/10/2018,"274,34"
09/10/2018,"275,5"
10/10/2018,"274,03"
11/10/2018,"268,63"
12/10/2018,"268,8"
15/10/2018,"269,75"
16/10/2018,"272,89"
17/10/2018,"272,47"
18/10/2018,"272,69"
19/10/2018,"276,99"
22/10/2018,"275,1"
23/10/2018,"273,68"
24/10/2018,"279,97"
25/10/2018,"275,78"
26/10/2018,"271,09"
29/10/2018,"274,75"
30/10/2018,"275,55"
31/10/2018,"272,38"
01/11/2018,"270,94"
02/11/2018,"269,55"
05/11/2018,"273,31"
06/11/2018,"275,4"
07/11/2018,"278,38"
08/11/2018,"277,64"
09/11/2018,"277,9"
12/11/2018,"277,81"
13/11/2018,"278,77"
14/11/2018,"275,62"
15/11/2018,"273,5"
16/11/2018,"277,07"
19/11/2018,"278,5"
20/11/2018,"277,09"
21/11/2018,273
23/11/2018,"273,34"
26/11/2018,"274,81"
27/11/2018,"277,21"
28/11/2018,"276,87"
29/11/2018,"276,46"
30/11/2018,"280,71"
03/12/2018,"283,19"
04/12/2018,"283,61"
06/12/2018,"283,32"
07/12/2018,"284,46"
10/12/2018,"285,32"
11/12/2018,"286,17"
12/12/2018,"284,51"
13/12/2018,"287,02"
14/12/2018,"286,28"
17/12/2018,"276,93"
18/12/2018,"275,15"
19/12/2018,"274,55"
20/12/2018,"275,3"
21/12/2018,"273,36"
24/12/2018,"261,7"
26/12/2018,"265,79"
27/12/2018,"268,11"
28/12/2018,"268,09"
31/12/2018,"268,61"
02/01/2019,"263,86"
03/01/2019,"264,07"
04/01/2019,"267,99"
07/01/2019,"266,08"
08/01/2019,"269,43"
09/01/2019,"267,67"
10/01/2019,"271,44"
11/01/2019,"270,25"
14/01/2019,"264,22"
15/01/2019,"267,57"
16/01/2019,"268,3"
17/01/2019,"269,44"
18/01/2019,"269,76"
22/01/2019,"270,15"
23/01/2019,"273,07"
24/01/2019,"274,39"
25/01/2019,"270,75"
28/01/2019,"269,5"
29/01/2019,"270,27"
30/01/2019,"272,03"
31/01/2019,"277,67"
01/02/2019,"276,84"
04/02/2019,"277,42"
05/02/2019,"277,75"
06/02/2019,"277,47"
07/02/2019,281
08/02/2019,"282,38"
11/02/2019,"282,14"
12/02/2019,"282,63"
13/02/2019,"281,77"
14/02/2019,"280,89"
15/02/2019,"281,68"
19/02/2019,"283,2"
20/02/2019,"284,46"
21/02/2019,"286,59"
22/02/2019,"288,33"
25/02/2019,"286,47"
26/02/2019,"286,04"
27/02/2019,"286,36"
28/02/2019,"287,53"
01/03/2019,"288,07"
04/03/2019,"288,68"
05/03/2019,"288,19"
06/03/2019,"288,29"
07/03/2019,"289,04"
08/03/2019,"290,08"
11/03/2019,"292,2"
12/03/2019,294
13/03/2019,"294,43"
14/03/2019,"294,03"
15/03/2019,"295,41"
18/03/2019,"294,2"
19/03/2019,"290,73"
20/03/2019,"291,56"
21/03/2019,"294,63"
22/03/2019,"296,66"
25/03/2019,"297,01"
26/03/2019,"299,08"
27/03/2019,"297,08"
28/03/2019,"293,38"
29/03/2019,"295,15"
01/04/2019,"293,05"
02/04/2019,"293,37"
03/04/2019,"292,92"
04/04/2019,"291,77"
05/04/2019,"294,7"
08/04/2019,"292,56"
09/04/2019,"293,33"
10/04/2019,"292,22"
11/04/2019,"293,83"
12/04/2019,"295,3"
15/04/2019,"295,3"
16/04/2019,"291,21"
17/04/2019,"290,59"
18/04/2019,"290,64"
22/04/2019,"290,31"
23/04/2019,"291,39"
24/04/2019,"292,98"
25/04/2019,"294,25"
26/04/2019,"294,72"
29/04/2019,"292,85"
30/04/2019,"297,75"
01/05/2019,"294,58"
02/05/2019,"293,75"
03/05/2019,"295,65"
06/05/2019,"293,76"
07/05/2019,"292,84"
08/05/2019,"288,8"
09/05/2019,"288,54"
10/05/2019,"293,54"
13/05/2019,"296,79"
14/05/2019,"294,22"
15/05/2019,"293,82"
16/05/2019,"295,53"
17/05/2019,"296,96"
20/05/2019,"297,46"
21/05/2019,"297,64"
22/05/2019,"300,07"
23/05/2019,"302,53"
24/05/2019,"301,9"
28/05/2019,"297,03"
29/05/2019,"293,05"
30/05/2019,"292,65"
31/05/2019,"293,95"
03/06/2019,"296,99"
04/06/2019,"297,11"
05/06/2019,"303,47"
06/06/2019,"304,8"
07/06/2019,"302,45"
10/06/2019,"300,64"
11/06/2019,"298,56"
12/06/2019,"302,54"
13/06/2019,303
14/06/2019,"306,01"
17/06/2019,"304,98"
18/06/2019,"304,03"
19/06/2019,"306,49"
20/06/2019,"308,15"
21/06/2019,"309,59"
24/06/2019,"309,64"
25/06/2019,"307,71"
26/06/2019,"301,09"
27/06/2019,"301,47"
28/06/2019,"303,04"
01/07/2019,"302,09"
02/07/2019,"305,84"
03/07/2019,"308,42"
05/07/2019,"307,9"
08/07/2019,"308,25"
09/07/2019,"308,44"
10/07/2019,"309,42"
11/07/2019,"309,53"
12/07/2019,"307,55"
15/07/2019,"308,69"
16/07/2019,"306,93"
17/07/2019,"308,26"
18/07/2019,"310,7"
19/07/2019,"306,2"
22/07/2019,"305,64"
23/07/2019,"303,77"
24/07/2019,"303,99"
25/07/2019,"303,08"
26/07/2019,"304,33"
29/07/2019,"305,83"
30/07/2019,"303,49"
31/07/2019,"301,9"
01/08/2019,"304,94"
02/08/2019,"305,1"
05/08/2019,"300,49"
06/08/2019,"304,4"
07/08/2019,"305,06"
08/08/2019,"308,18"
09/08/2019,"308,29"
12/08/2019,"307,75"
13/08/2019,"307,88"
14/08/2019,"304,99"
15/08/2019,"308,83"
16/08/2019,"309,93"
19/08/2019,"312,07"
20/08/2019,"311,51"
21/08/2019,"313,61"
22/08/2019,"313,82"
23/08/2019,"310,52"
26/08/2019,"314,19"
27/08/2019,"314,62"
28/08/2019,"313,8"
29/08/2019,"315,82"
30/08/2019,"315,97"
03/09/2019,"321,51"
04/09/2019,"321,98"
05/09/2019,"318,15"
06/09/2019,"317,09"
09/09/2019,"315,12"
10/09/2019,"315,43"
11/09/2019,"318,51"
12/09/2019,"318,94"
13/09/2019,"317,12"
16/09/2019,"317,38"
17/09/2019,"320,21"
18/09/2019,"321,72"
19/09/2019,"322,88"
20/09/2019,"324,08"
23/09/2019,"324,5"
24/09/2019,"327,93"
25/09/2019,"327,84"
26/09/2019,"329,42"
27/09/2019,"328,29"
30/09/2019,"328,49"
01/10/2019,"327,49"
02/10/2019,"323,25"
03/10/2019,"324,12"
04/10/2019,"329,06"
07/10/2019,"327,59"
08/10/2019,"324,27"
09/10/2019,"325,92"
10/10/2019,"325,54"
11/10/2019,"324,41"
14/10/2019,"322,23"
15/10/2019,"321,27"
16/10/2019,"322,03"
17/10/2019,"322,76"
18/10/2019,"323,94"
21/10/2019,"325,13"
22/10/2019,"326,58"
23/10/2019,"327,78"
24/10/2019,"329,07"
25/10/2019,"325,49"
28/10/2019,"321,23"
29/10/2019,"321,58"
30/10/2019,"324,36"
31/10/2019,"325,85"
01/11/2019,"325,17"
04/11/2019,321
05/11/2019,"317,71"
06/11/2019,"318,54"
07/11/2019,"314,25"
08/11/2019,"313,06"
11/11/2019,"310,94"
12/11/2019,"311,71"
13/11/2019,"316,28"
14/11/2019,317
15/11/2019,"317,84"
18/11/2019,"318,39"
19/11/2019,"317,58"
20/11/2019,"319,57"
21/11/2019,"318,39"
22/11/2019,"318,47"
25/11/2019,"317,3"
26/11/2019,"318,51"
27/11/2019,"318,81"
29/11/2019,"318,36"
02/12/2019,"315,9"
03/12/2019,"317,48"
04/12/2019,"319,77"
05/12/2019,"319,83"
06/12/2019,"319,12"
09/12/2019,"317,56"
10/12/2019,"317,43"
11/12/2019,"318,48"
12/12/2019,"316,92"
13/12/2019,"319,58"
16/12/2019,"323,71"
17/12/2019,"324,48"
18/12/2019,"325,89"
19/12/2019,"325,71"
20/12/2019,"328,25"
23/12/2019,"325,02"
24/12/2019,"325,36"
26/12/2019,"325,96"
27/12/2019,"326,82"
30/12/2019,"326,67"
31/12/2019,"328,36"
02/01/2020,"323,82"
03/01/2020,"324,18"
06/01/2020,"324,98"
07/01/2020,"324,34"
08/01/2020,"324,33"
09/01/2020,"326,03"
10/01/2020,"326,82"
13/01/2020,"328,97"
14/01/2020,"329,88"
15/01/2020,"334,52"
16/01/2020,"336,55"
17/01/2020,"339,11"
21/01/2020,"341,95"
22/01/2020,"342,96"
23/01/2020,"346,11"
24/01/2020,"347,25"
27/01/2020,"346,2"
28/01/2020,"347,48"
29/01/2020,"348,53"
30/01/2020,"351,64"
31/01/2020,"350,08"
03/02/2020,"351,22"
04/02/2020,"347,61"
05/02/2020,"349,07"
06/02/2020,"348,98"
07/02/2020,"347,89"
10/02/2020,"349,06"
11/02/2020,"350,39"
12/02/2020,"350,46"
13/02/2020,"354,04"
14/02/2020,"356,33"
18/02/2020,"359,13"
19/02/2020,"355,2"
20/02/2020,"356,32"
21/02/2020,"355,67"
24/02/2020,"351,54"
25/02/2020,"343,93"
26/02/2020,"340,61"
27/02/2020,"324,63"
28/02/2020,"313,85"
02/03/2020,"332,25"
03/03/2020,"328,38"
04/03/2020,"347,07"
05/03/2020,"341,41"
06/03/2020,"338,78"
09/03/2020,"319,67"
10/03/2020,"322,9"
11/03/2020,"306,44"
12/03/2020,"275,2"
13/03/2020,"290,48"
16/03/2020,"256,95"
17/03/2020,"290,64"
18/03/2020,"277,16"
19/03/2020,262
20/03/2020,"240,57"
23/03/2020,"227,75"
24/03/2020,"252,66"
25/03/2020,"259,84"
26/03/2020,"281,63"
27/03/2020,"283,1"
30/03/2020,"293,57"
31/03/2020,"281,77"
01/04/2020,"264,53"
02/04/2020,"272,85"
03/04/2020,"262,97"
06/04/2020,"283,61"
07/04/2020,"280,17"
08/04/2020,"295,33"
09/04/2020,"309,35"
13/04/2020,"299,19"
14/04/2020,"308,09"
15/04/2020,"297,74"
16/04/2020,"297,96"
17/04/2020,"307,83"
20/04/2020,"295,87"
21/04/2020,"291,12"
22/04/2020,"299,7"
23/04/2020,"294,42"
24/04/2020,"296,27"
27/04/2020,"299,5"
28/04/2020,"300,56"
29/04/2020,"297,8"
30/04/2020,"290,71"
01/05/2020,"283,6"
04/05/2020,"285,74"
05/05/2020,"288,39"
06/05/2020,"278,26"
07/05/2020,"279,48"
08/05/2020,"285,1"
11/05/2020,"283,74"
12/05/2020,"281,18"
13/05/2020,"278,65"
14/05/2020,"281,3"
15/05/2020,"277,34"
18/05/2020,"288,82"
19/05/2020,"283,92"
20/05/2020,"285,33"
21/05/2020,"282,46"
22/05/2020,"285,67"
26/05/2020,"287,76"
27/05/2020,"290,83"
28/05/2020,"299,66"
29/05/2020,"302,05"
01/06/2020,"305,28"
02/06/2020,"307,11"
03/06/2020,"311,09"
04/06/2020,"305,03"
05/06/2020,"309,17"
08/06/2020,"317,33"
09/06/2020,"310,6"
10/06/2020,"308,93"
11/06/2020,"296,64"
12/06/2020,296
15/06/2020,"297,85"
16/06/2020,"299,22"
17/06/2020,"298,3"
18/06/2020,"298,17"
19/06/2020,"288,92"
22/06/2020,"292,8"
23/06/2020,"289,7"
24/06/2020,"286,98"
25/06/2020,"283,48"
26/06/2020,"280,56"
29/06/2020,"285,79"
30/06/2020,"286,96"
01/07/2020,"293,53"
02/07/2020,"294,2"
06/07/2020,"290,44"
07/07/2020,"289,43"
08/07/2020,"292,01"
09/07/2020,"288,19"
10/07/2020,"293,66"
13/07/2020,"293,78"
14/07/2020,"296,64"
15/07/2020,"295,34"
16/07/2020,"299,25"
17/07/2020,"306,08"
20/07/2020,"301,92"
21/07/2020,"303,32"
22/07/2020,"307,97"
23/07/2020,"308,32"
24/07/2020,"306,37"
27/07/2020,"302,51"
28/07/2020,"307,22"
29/07/2020,"308,56"
30/07/2020,"308,5"
31/07/2020,"309,12"
03/08/2020,"305,6"
04/08/2020,"308,88"
05/08/2020,"305,02"
06/08/2020,"306,6"
07/08/2020,"312,12"
10/08/2020,"311,82"
11/08/2020,"305,17"
12/08/2020,"309,61"
13/08/2020,"308,43"
14/08/2020,"305,62"
17/08/2020,"305,18"
18/08/2020,"303,69"
19/08/2020,"302,73"
20/08/2020,"300,05"
21/08/2020,"300,44"
24/08/2020,"303,24"
25/08/2020,"300,45"
26/08/2020,"296,83"
27/08/2020,"297,71"
28/08/2020,"298,5"
31/08/2020,"299,46"
01/09/2020,"296,06"
02/09/2020,"305,31"
03/09/2020,"301,47"
04/09/2020,"299,79"
08/09/2020,"298,01"
09/09/2020,"301,76"
10/09/2020,"296,41"
11/09/2020,"297,4"
14/09/2020,"301,28"
15/09/2020,"303,49"
16/09/2020,"302,84"
17/09/2020,"300,35"
18/09/2020,"294,96"
21/09/2020,"293,25"
22/09/2020,"295,13"
23/09/2020,"290,39"
24/09/2020,"293,78"
25/09/2020,"298,51"
28/09/2020,"299,29"
29/09/2020,"299,06"
30/09/2020,"301,86"
01/10/2020,"304,95"
02/10/2020,"308,41"
05/10/2020,"312,31"
06/10/2020,"314,98"
07/10/2020,"316,97"
08/10/2020,"322,68"
09/10/2020,"322,55"
12/10/2020,"324,74"
13/10/2020,"322,45"
14/10/2020,"321,96"
15/10/2020,"321,78"
16/10/2020,"325,27"
19/10/2020,"322,49"
20/10/2020,"324,32"
21/10/2020,"323,64"
22/10/2020,"328,35"
23/10/2020,"329,11"
26/10/2020,"328,94"
27/10/2020,"328,7"
28/10/2020,"319,04"
29/10/2020,"319,92"
30/10/2020,"316,92"
02/11/2020,"323,99"
03/11/2020,"328,71"
04/11/2020,"323,47"
05/11/2020,"326,52"
06/11/2020,"325,77"
09/11/2020,"331,7"
10/11/2020,"336,42"
11/11/2020,"337,58"
12/11/2020,"331,75"
13/11/2020,"334,81"
16/11/2020,"338,09"
17/11/2020,"331,28"
18/11/2020,"324,87"
19/11/2020,"321,53"
20/11/2020,"321,68"
23/11/2020,"321,63"
24/11/2020,"325,21"
25/11/2020,"325,6"
27/11/2020,"322,46"
30/11/2020,"317,73"
01/12/2020,"320,1"
02/12/2020,"322,24"
03/12/2020,"318,69"
04/12/2020,"315,37"
07/12/2020,"317,11"
08/12/2020,"316,14"
09/12/2020,"315,33"
10/12/2020,"313,72"
11/12/2020,"314,19"
14/12/2020,"312,52"
15/12/2020,"318,57"
16/12/2020,"314,92"
17/12/2020,"317,19"
18/12/2020,"314,42"
21/12/2020,"310,45"
22/12/2020,"309,77"
23/12/2020,"309,16"
24/12/2020,"311,3"
28/12/2020,"312,77"
29/12/2020,"312,61"
30/12/2020,"314,09"
31/12/2020,"319,07"
04/01/2021,"310,76"
05/01/2021,"310,86"
06/01/2021,"318,51"
07/01/2021,"314,27"
08/01/2021,317
11/01/2021,"314,05"
12/01/2021,"312,42"
13/01/2021,"318,48"
14/01/2021,"317,29"
15/01/2021,"320,35"
19/01/2021,"319,15"
20/01/2021,"321,12"
21/01/2021,"319,15"
22/01/2021,"319,68"
25/01/2021,"325,91"
26/01/2021,"322,67"
27/01/2021,"313,98"
28/01/2021,"317,77"
29/01/2021,"316,02"
01/02/2021,"317,53"
02/02/2021,"320,08"
03/02/2021,"319,12"
04/02/2021,"321,42"
05/02/2021,"323,15"
08/02/2021,"320,63"
09/02/2021,"320,96"
10/02/2021,"322,21"
11/02/2021,"319,89"
12/02/2021,"317,37"
16/02/2021,"313,75"
17/02/2021,"314,11"
18/02/2021,"315,83"
19/02/2021,"311,06"
22/02/2021,"305,02"
23/02/2021,"307,45"
24/02/2021,"303,92"
25/02/2021,"300,95"
26/02/2021,"295,35"
01/03/2021,"301,74"
02/03/2021,"300,91"
03/03/2021,"297,37"
04/03/2021,"296,87"
05/03/2021,"301,59"
08/03/2021,"305,77"
09/03/2021,"309,66"
10/03/2021,"311,75"
11/03/2021,"310,93"
12/03/2021,"314,9"
15/03/2021,"319,17"
16/03/2021,"319,49"
17/03/2021,"314,29"
18/03/2021,"313,18"
19/03/2021,"313,87"
22/03/2021,"313,52"
23/03/2021,"318,3"
24/03/2021,"318,32"
25/03/2021,"321,48"
26/03/2021,"322,73"
29/03/2021,"326,18"
30/03/2021,"323,17"
31/03/2021,"325,26"
01/04/2021,"325,2"
05/04/2021,"328,76"
06/04/2021,"330,49"
07/04/2021,"330,08"
08/04/2021,"329,73"
09/04/2021,"329,5"
12/04/2021,"329,73"
13/04/2021,"333,76"
14/04/2021,"335,1"
15/04/2021,"338,81"
16/04/2021,"341,56"
19/04/2021,"339,89"
20/04/2021,"344,36"
21/04/2021,"341,27"
22/04/2021,"338,91"
23/04/2021,"338,32"
26/04/2021,"336,47"
27/04/2021,"333,94"
28/04/2021,"333,44"
29/04/2021,"336,43"
30/04/2021,339
03/05/2021,"338,87"
04/05/2021,"337,69"
05/05/2021,"331,91"
06/05/2021,"334,37"
07/05/2021,"335,2"
10/05/2021,"338,6"
11/05/2021,"334,56"
12/05/2021,"326,69"
13/05/2021,"332,53"
14/05/2021,"333,82"
17/05/2021,"330,94"
18/05/2021,"330,93"
19/05/2021,"330,36"
20/05/2021,"333,07"
21/05/2021,"334,86"
24/05/2021,"334,18"
25/05/2021,"330,25"
26/05/2021,"330,25"
27/05/2021,"328,07"
28/05/2021,"329,58"
01/06/2021,"327,53"
02/06/2021,"329,17"
03/06/2021,"330,9"
04/06/2021,"330,4"
07/06/2021,"331,02"
08/06/2021,"328,02"
09/06/2021,"330,82"
10/06/2021,"333,06"
11/06/2021,"333,99"
14/06/2021,"334,37"
15/06/2021,"335,54"
16/06/2021,"330,53"
17/06/2021,"332,14"
18/06/2021,"323,41"
21/06/2021,"327,85"
22/06/2021,"325,63"
23/06/2021,"322,21"
24/06/2021,"321,89"
25/06/2021,"325,54"
28/06/2021,"327,53"
29/06/2021,"322,11"
30/06/2021,"321,58"
01/07/2021,"325,22"
02/07/2021,"325,48"
06/07/2021,"326,92"
07/07/2021,"328,83"
08/07/2021,"328,03"
09/07/2021,"328,55"
12/07/2021,"329,47"
13/07/2021,"326,96"
14/07/2021,"329,69"
15/07/2021,"333,63"
16/07/2021,"336,94"
19/07/2021,"331,59"
20/07/2021,"332,88"
21/07/2021,"329,23"
22/07/2021,"329,79"
23/07/2021,"334,01"
26/07/2021,"333,98"
27/07/2021,"339,73"
28/07/2021,"337,4"
29/07/2021,"338,06"
30/07/2021,"335,12"
02/08/2021,"337,62"
03/08/2021,"339,68"
04/08/2021,"339,22"
05/08/2021,"343,05"
06/08/2021,"342,76"
09/08/2021,"342,36"
10/08/2021,"342,69"
11/08/2021,"345,84"
12/08/2021,"345,84"
13/08/2021,"347,79"
16/08/2021,"350,05"
17/08/2021,"350,09"
18/08/2021,"348,45"
19/08/2021,"349,79"
20/08/2021,"354,06"
23/08/2021,"349,4"
24/08/2021,"347,2"
25/08/2021,"347,9"
26/08/2021,"346,69"
27/08/2021,"346,58"
30/08/2021,"347,19"
31/08/2021,"346,86"
01/09/2021,"351,38"
02/09/2021,"354,23"
03/09/2021,"351,39"
07/09/2021,"346,57"
08/09/2021,"352,77"
09/09/2021,"350,71"
10/09/2021,"345,86"
13/09/2021,"345,22"
14/09/2021,"343,82"
15/09/2021,"343,31"
16/09/2021,"340,51"
17/09/2021,"335,11"
20/09/2021,"334,42"
21/09/2021,"333,62"
22/09/2021,"333,26"
23/09/2021,"331,59"
24/09/2021,"331,08"
27/09/2021,"327,09"
28/09/2021,"323,09"
29/09/2021,"327,29"
30/09/2021,"324,58"
01/10/2021,"324,46"
04/10/2021,"328,95"
05/10/2021,"328,33"
06/10/2021,"333,36"
07/10/2021,"331,58"
08/10/2021,"329,15"
11/10/2021,"324,72"
12/10/2021,"326,88"
13/10/2021,"330,6"
14/10/2021,"334,57"
15/10/2021,"333,81"
18/10/2021,"330,59"
19/10/2021,"334,76"
20/10/2021,"339,98"
21/10/2021,"340,05"
22/10/2021,"341,64"
25/10/2021,"340,16"
26/10/2021,"342,08"
27/10/2021,"339,8"
28/10/2021,342
29/10/2021,"339,84"
01/11/2021,"341,18"
02/11/2021,"341,35"
03/11/2021,"340,25"
04/11/2021,"338,3"
05/11/2021,"341,3"
08/11/2021,"336,35"
09/11/2021,"337,81"
10/11/2021,"340,19"
11/11/2021,"338,15"
12/11/2021,"337,52"
15/11/2021,"341,93"
16/11/2021,"340,02"
17/11/2021,"340,48"
18/11/2021,"338,66"
19/11/2021,"340,62"
22/11/2021,"342,65"
23/11/2021,"343,05"
24/11/2021,"342,83"
26/11/2021,"337,32"
29/11/2021,"342,6"
30/11/2021,"332,59"
01/12/2021,"333,13"
02/12/2021,"337,18"
03/12/2021,"340,61"
06/12/2021,"345,83"
07/12/2021,"348,43"
08/12/2021,"348,03"
09/12/2021,"347,33"
10/12/2021,"349,3"
13/12/2021,"353,54"
14/12/2021,"351,3"
15/12/2021,"357,21"
16/12/2021,"358,96"
17/12/2021,"353,51"
20/12/2021,"353,67"
21/12/2021,"353,08"
22/12/2021,"354,49"
23/12/2021,"354,37"
27/12/2021,"356,13"
28/12/2021,"359,45"
29/12/2021,"361,29"
30/12/2021,"362,53"
31/12/2021,"363,71"
03/01/2022,"360,29"
04/01/2022,"359,12"
05/01/2022,"358,95"
06/01/2022,"355,17"
07/01/2022,"357,85"
10/01/2022,"355,56"
11/01/2022,"352,29"
12/01/2022,"353,54"
13/01/2022,"355,14"
14/01/2022,"352,83"
18/01/2022,"348,59"
19/01/2022,"350,19"
20/01/2022,"350,69"
21/01/2022,"350,05"
24/01/2022,"346,45"
25/01/2022,"341,02"
26/01/2022,"338,6"
27/01/2022,"341,25"
28/01/2022,"345,28"
31/01/2022,"351,67"
01/02/2022,"347,18"
02/02/2022,"352,25"
03/02/2022,"350,71"
04/02/2022,"347,9"
07/02/2022,"347,22"
08/02/2022,"347,59"
09/02/2022,"349,11"
10/02/2022,"340,01"
11/02/2022,"340,04"
14/02/2022,"337,33"
15/02/2022,"335,48"
16/02/2022,"336,07"
17/02/2022,"336,28"
18/02/2022,"335,21"
22/02/2022,"334,96"
23/02/2022,"329,21"
24/02/2022,"331,62"
25/02/2022,"342,03"
28/02/2022,"343,5"
01/03/2022,"340,63"
02/03/2022,"344,75"
03/03/2022,"350,68"
04/03/2022,"358,37"
07/03/2022,"363,06"
08/03/2022,"357,23"
09/03/2022,"354,46"
10/03/2022,"357,03"
11/03/2022,"355,7"
14/03/2022,"355,32"
15/03/2022,"359,76"
16/03/2022,"359,15"
17/03/2022,"360,79"
18/03/2022,"357,55"
21/03/2022,"359,97"
22/03/2022,"360,3"
23/03/2022,"360,9"
24/03/2022,"364,49"
25/03/2022,"369,89"
28/03/2022,"372,17"
29/03/2022,"375,62"
30/03/2022,"378,76"
31/03/2022,"378,12"
01/04/2022,"383,62"
04/04/2022,"380,58"
05/04/2022,"383,11"
06/04/2022,"390,76"
07/04/2022,"389,78"
08/04/2022,"390,94"
11/04/2022,"385,53"
12/04/2022,"387,1"
13/04/2022,"386,45"
14/04/2022,"386,48"
18/04/2022,"384,59"
19/04/2022,"386,94"
20/04/2022,"390,02"
21/04/2022,"383,81"
22/04/2022,"377,35"
25/04/2022,"374,63"
26/04/2022,"370,73"
27/04/2022,"369,02"
28/04/2022,"373,1"
29/04/2022,"361,88"
02/05/2022,"358,1"
03/05/2022,"359,43"
04/05/2022,"367,4"
05/05/2022,"363,46"
06/05/2022,"366,37"
09/05/2022,"363,54"
10/05/2022,"359,02"
11/05/2022,"361,78"
12/05/2022,"357,6"
13/05/2022,"361,51"
16/05/2022,"362,69"
17/05/2022,"366,41"
18/05/2022,"362,64"
19/05/2022,"361,84"
20/05/2022,"362,82"
23/05/2022,"367,22"
24/05/2022,"374,61"
25/05/2022,"374,38"
26/05/2022,"375,4"
27/05/2022,"380,97"
31/05/2022,"375,72"
01/06/2022,"375,11"
02/06/2022,"377,37"
03/06/2022,"375,72"
06/06/2022,"377,41"
07/06/2022,"379,59"
08/06/2022,"372,06"
09/06/2022,"362,99"
10/06/2022,"360,2"
13/06/2022,"343,53"
14/06/2022,"334,65"
15/06/2022,"336,92"
16/06/2022,"330,3"
17/06/2022,"327,17"
21/06/2022,"333,44"
22/06/2022,"336,89"
23/06/2022,"344,8"
24/06/2022,"350,86"
27/06/2022,"353,69"
28/06/2022,"352,42"
29/06/2022,"352,58"
30/06/2022,"356,45"
01/07/2022,"365,29"
05/07/2022,"352,75"
06/07/2022,"356,31"
07/07/2022,"355,97"
08/07/2022,"354,81"
11/07/2022,"357,08"
12/07/2022,"355,25"
13/07/2022,"353,69"
14/07/2022,"353,74"
15/07/2022,"354,46"
18/07/2022,"349,5"
19/07/2022,"351,87"
20/07/2022,"347,08"
21/07/2022,"348,09"
22/07/2022,"352,85"
25/07/2022,"357,29"
26/07/2022,"359,46"
27/07/2022,"359,85"
28/07/2022,"372,55"
29/07/2022,"375,65"
01/08/2022,"376,03"
02/08/2022,"375,2"
03/08/2022,"377,75"
04/08/2022,"378,2"
05/08/2022,"377,08"
08/08/2022,"377,53"
09/08/2022,"381,54"
10/08/2022,"383,27"
11/08/2022,"382,73"
12/08/2022,"388,62"
15/08/2022,"391,78"
16/08/2022,"392,84"
17/08/2022,"392,25"
18/08/2022,"393,59"
19/08/2022,"393,39"
22/08/2022,"387,98"
23/08/2022,"385,54"
24/08/2022,"386,89"
25/08/2022,"389,19"
26/08/2022,"383,18"
29/08/2022,"384,12"
30/08/2022,"378,51"
31/08/2022,"375,93"
01/09/2022,"381,26"
02/09/2022,"377,17"
06/09/2022,"378,02"
07/09/2022,"389,89"
08/09/2022,"389,43"
09/09/2022,"391,06"
12/09/2022,"394,81"
13/09/2022,"384,19"
14/09/2022,"387,29"
15/09/2022,"377,51"
16/09/2022,"376,13"
19/09/2022,"381,08"
20/09/2022,"375,59"
21/09/2022,"370,42"
22/09/2022,369
23/09/2022,"364,66"
26/09/2022,"355,81"
27/09/2022,"349,75"
28/09/2022,"353,59"
29/09/2022,"339,19"
30/09/2022,"332,52"
03/10/2022,"342,46"
04/10/2022,"349,83"
05/10/2022,"341,96"
06/10/2022,"330,68"
07/10/2022,"323,77"
10/10/2022,"324,32"
11/10/2022,"323,44"
12/10/2022,"312,39"
13/10/2022,"320,35"
14/10/2022,"315,42"
17/10/2022,"322,26"
18/10/2022,"328,03"
19/10/2022,"323,88"
20/10/2022,"315,76"
21/10/2022,"321,57"
24/10/2022,"324,21"
25/10/2022,"330,77"
26/10/2022,"330,64"
27/10/2022,"332,9"
28/10/2022,"342,4"
31/10/2022,"339,18"
01/11/2022,"340,55"
02/11/2022,"337,08"
03/11/2022,"338,58"
04/11/2022,"340,51"
07/11/2022,"333,91"
08/11/2022,"336,21"
09/11/2022,"333,38"
10/11/2022,"349,24"
11/11/2022,"345,24"
14/11/2022,"340,85"
15/11/2022,"344,51"
16/11/2022,"347,51"
17/11/2022,"341,28"
18/11/2022,"348,1"
21/11/2022,"349,83"
22/11/2022,"352,78"
23/11/2022,"356,44"
25/11/2022,"358,67"
28/11/2022,"354,83"
29/11/2022,"352,24"
30/11/2022,"361,25"
01/12/2022,"360,58"
02/12/2022,"358,89"
05/12/2022,"356,75"
06/12/2022,"359,12"
07/12/2022,"357,43"
08/12/2022,"359,44"
09/12/2022,"357,73"
12/12/2022,"365,85"
13/12/2022,367
14/12/2022,"366,41"
15/12/2022,"361,77"
16/12/2022,"355,76"
19/12/2022,"354,29"
20/12/2022,"354,51"
21/12/2022,"359,32"
22/12/2022,"357,04"
23/12/2022,"360,8"
27/12/2022,"363,03"
28/12/2022,"359,52"
29/12/2022,"361,96"
30/12/2022,"358,48"
03/01/2023,"358,5"
04/01/2023,"361,86"
05/01/2023,"353,82"
06/01/2023,361
09/01/2023,"363,3"
10/01/2023,"363,46"
11/01/2023,"366,58"
12/01/2023,"364,23"
13/01/2023,"362,63"
17/01/2023,"362,18"
18/01/2023,"353,46"
19/01/2023,"349,93"
20/01/2023,"351,99"
23/01/2023,"352,14"
24/01/2023,"353,85"
25/01/2023,"349,03"
26/01/2023,"350,38"
27/01/2023,"350,27"
30/01/2023,"348,68"
31/01/2023,"351,17"
01/02/2023,"351,81"
02/02/2023,"352,35"
03/02/2023,"345,05"
06/02/2023,"348,04"
07/02/2023,"347,76"
08/02/2023,"341,81"
09/02/2023,"336,99"
10/02/2023,"343,74"
13/02/2023,"345,75"
14/02/2023,"344,09"
15/02/2023,"346,29"
16/02/2023,"343,42"
17/02/2023,"346,85"
21/02/2023,"340,31"
22/02/2023,"338,88"
23/02/2023,"337,24"
24/02/2023,"337,17"
27/02/2023,"334,59"
28/02/2023,"328,82"
01/03/2023,"323,16"
02/03/2023,"329,05"
03/03/2023,"334,84"
06/03/2023,"336,28"
07/03/2023,"330,71"
08/03/2023,"333,28"
09/03/2023,"330,48"
10/03/2023,"325,2"
13/03/2023,"330,22"
14/03/2023,"334,46"
15/03/2023,"338,93"
16/03/2023,"341,2"
17/03/2023,"337,87"
20/03/2023,"340,62"
21/03/2023,"333,62"
22/03/2023,"327,02"
23/03/2023,"323,73"
